"text","label"
"general weakness",0
"ho raih hai",0
"oxygn critcl",2
"fever no cold 1",1
"3 din se bukhaar nahi ja rahaa",1
"mild breathlessness on exerttion 130",1
"bukhhaar hai khansi",1
"dizziness and weakness hor ahi hai 61",1
"chest discomfortm ild",1
"dizzinses and weakness ho rahi hai",1
"chest mein bahut  tez dard saans ruk rahi",2
"respratry distrss sevr",2
"saans nahi aa rahi hai",2
"bohot tez dard ruktee ja rahi 127",2
"severe breathlessness patient baat nahi kar arha",2
"low fever cough no cold",0
"bukhaar high feever",1
"tez bukhaar hai zukam",1
"pulse very high aur  behosh hain",2
"fever",0
"chst crrushng pain",2
"modrte chest pain",1
"milld",0
"chest discomfort ho raha",1
"genrl",0
"low garde fever 99",0
"sslight runny nose",0
"chti me drd sns nhi rhi 108",2
"fever with chills 85",1
"oxygen level 41",2
"patient not breathing properly",2
"oxygen dropping rapidly",2
"khhansi hai",0
"sirf zzzukam hai bukhaar nahi",0
"genral weakneess",0
"hgh fever no cld",1
"high temperrature pain",1
"mild chets pain",1
"bukhhaar ke saath ulti",1
"critical condition hai oxygen low 77",2
"mild sa headache ho raha hai",0
"fever without  cold 3 days 19",1
"patient respond nahi kar raha oxygen low",2
"bukhaar naih bas kamzori",0
"fever hai but cold nahi 3 days se 65",1
"pateint unconscious oxgyn low",2
"spo2 low brething isue",2
"oxygen low ptient unconscious",2
"dizzinness and weakenss",1
"chti me drd sns nhi rhhi 28",2
"cold",0
"saans rukne wali",2
"minoor issue hai koi badi bata nahi",0
"very high unnconscious",2
"no major problem hai 71 123",0
"high fever no cold 1",1
"bukkhr hgh fever 81",1
"fever witohut cold 2 din se",1
"oxygen critical level pe hai",2
"bukhaar bahut zyada hai",1
"oxygen level gir raha 1",2
"no mjor",0
"severe chest pain hai saans nahi  aa rahi",2
"crittical breathing failure",2
"chst tighhtnss mild",1
"saans nahi aa rahi hai",2
"mein mild painn hai",1
"cchest pin brething problem",2
"mein discomfort",1
"chest",1
"mujhe tez bukhaar hai codl nahi hai",1
"sevr chst tghtne scant",2
"sirf bukhaar ahi cold bilkul nahi",1
"heart attack symptoms  severe chest",2
"mild hedache 27",0
"chhati mein bahut dard ssaans nahi",2
"behosh pade hain saans se aa rahi",2
"chest tightness feel ho rahii hai",1
"noroml cold cough",0
"ggenneral weakness",0
"high fever no cold",1
"badna garm hai khansi nahi",1
"mild nausae",0
"slight cold hai",0
"bukhaar hai uzkam nahi",1
"dizziness whiile sttanding",1
"mild breathlesenss 27",1
"saans ruknee wali hai 69",2
"normol cold cough",0
"oxygen low unconscious",2
"saans lenne mein thodi taklif",1
"bukhrh fever",1
"thakaan ho rrahi haii",0
"severe chest tightness cannot breathe",2
"generl",0
"sevr breathlesnness",2
"severe chestt pain cannot mvoe",2
"discomfrt",1
"paplitationns mild",1
"patient collapsed pulse weak",2
"badan mein bahut dard hai bukhaar ke saath",1
"generrl wekness",0
"generl wekness",0
"siirf halka bukhaar ha icold nahi",0
"pet thoda kharab hai",0
"oxygn low patint unconscous",2
"no major problem haii",0
"mild nausea 109 122",0
"chest discomfrt 1119",1
"chest pain severe hai emergency call karo 50",2
"oxygen lowp tient",2
"slight cold hai 20 73",0
"normal zukam",0
"oxgyn ccritcal",2
"spo2 below 90 emergency",2
"seveere breathlessness cannott speak",2
"slight runny nose 92",0
"ghh no cld",1
"buhkaar 10 2khansi nahi",1
"spo2 low brething isue",2
"thodi kamzori",0
"low grade fever",0
"behosh ho gaya pulse high",2
"patient collapse ho gaya",2
"uthhn ahi pa raha oxygen gira hua hai",2
"routinee problem hai 17",0
"oxygen level raha hai 109",2
"heart attack symptoms cchest pain",2
"moderate chest",1
"badan mein bahut dard haib ukhaar ke saath 0",1
"bohot tez dard saans ruktee ja rahi",2
"mild chst pain 65",1
"bukhaar 102 khans inaih",1
"dizziness feel ho rhaa hai",1
"pet thoda dard",0
"sirf bukhaar hai cold bilkul nahi 83",1
"rooutine problem hai",0
"saans nahi aar ahi hai",2
"small cut mionr injury",0
"tohda dard h",0
"fever with body pain no cold",1
"fevr 103  body",1
"fever 102 aur body mein dard",1
"moderate chest pain",1
"high fever without cold symptoms",1
"chati mein dard sans nahi aa rahi 100",2
"spo2 low brething isue",2
"tez bkuhhaar sardi nahi",1
"puls vry hgh unconsious",2
"sevr chst tightness",2
"chakkar aa rahe hain",1
"oxygn leevel critcl",2
"high ffever",1
"oxygen low unconscious",2
"chest crushing pain ho raih hai",2
"unresponsive oxygen",2
"hgh fever",1
"halki zukam hai 1",0
"mild headache",0
"normal cold cough",0
"oxygen level critical 72",2
"oxygen mask chahiye jaldi",2
"thoda sa sir dard 58",0
"saans nahi pa rahe hain",2
"mild shortnes rbeath",1
"bukhaar koi aur symptom nahi",1
"sa bukhar h stable h",0
"palptatons mildd",1
"sevr chest pain mov",2
"bukhaar bahut zyada hai 15",1
"fver without cold 41",1
"genrl wekness",0
"sev rbreathlesness",2
"low grade 60",0
"tez bukhaar sardi nahi",1
"patient baat nahi kar pa  raha oxygen low",2
"patient baat nahi kar pa raha oxxygen low",2
"saans nali band ho rahi haai",2
"saans nahi rahi hai 46",2
"halki zukaam hai 31",0
"mild fever no cold",0
"ahlka bkuhar h",0
"thakaan ho rahi hai",0
"chakkar aa rahe haain",1
"mild shortnes of breath",1
"mild shortnes of 51",1
"patient collapse ho gay a35",2
"persistent fever 3 days",1
"chest discomfrt",1
"sevr breathlesness",2
"mujhe bukhaaar h nhi h",1
"mild sa bukhar h stable h",0
"fevr 103 ach",1
"chst pin brething problm 90",2
"heart attack symptoms severe chest pain",2
"bhookh kam lag rahi hai",0
"saans ki nali band ho hai",2
"fever 102 body pain",1
"hedaache 148",0
"bukhr high",1
"patient baat nahi pa rahha oxygen low",2
"sirf halka bukhaar hai cold nahi",0
"behosh ho gaya pulse highh 3",2
"chakkar rahe hain",1
"high fvr bina  khansi ke 74",1
"saans lene meni thodi taklif",1
"normall colld cough",0
"bukhaar bahut zyadah ai",1
"high body pain",1
"bukhaar 102 khanssi nahi",1
"bkuhaar ke saath ulti",1
"heart attack symptoms severe chest pain",2
"behosh ho gya pulse  hgh 73",2
"moderate with",1
"halki kkhasi hai",0
"spo2 low brething issue",2
"thoda fever stable haii",0
"high fever without cold symptoms",1
"issue hai koi badi baat nahi",0
"oxgyn critcal",2
"bbhookh kam lag rahi hai",0
"genraaal weakness",0
"mild shortness of breath",1
"low no no cold",0
"chst crushng pain",2
"sevr chest cant mov",2
"high fever with body aache",1
"no major problem hai",0
"norrrmol cold cough",0
"chest crushing pain ho rahi hai",2
"geenral weakness",0
"low fever cough no",0
"no major issue",0
"palptatons mild",1
"light breathing problem",1
"modrte chest  pain",1
"tez bukhaar aur badan dard",1
"slight fatiigue 109",0
"normol cold cough",0
"bukhaar bahut zyada hai",1
"sirf bukhaar haai cold bilkul nahi",1
"fevver hai stable hai",0
"peersistent fever 3",1
"chest pin brething problem",2
"chhooti si chot lagi 63",0
"no major problem hhai",0
"patient respond nahi kar raha oxygen low 128",2
"chest pain hai nahi aa rahi",2
"saans bilkul nahi aa rahi emergency",2
"bukhar te zh nhi",1
"sans thod imushkil hai 74",1
"low brrething issue",2
"small cut minor injuyr 6",0
"chest pin brething problem",2
"chest tightness mild",1
"severe braethlessness cannot sspeak",2
"10002 fever no cold",1
"persiistent fever 3 days",1
"hig hfeveer no cough",1
"chakkar aa",1
"high ffever no cough 46",1
"no major problem hai",0
"fever 102 body pain",1
"102  body pain",1
"behosh hai npulse nahi aa raha",2
"patient collapsed 22 21",2
"ke saath ulti 117",1
"chest discomfort milld",1
"severe breathlessness cannot speak 110",2
"genrl wekness9 7",0
"sevr chst tghtnes cant breathe 75 127",2
"breathing difficult ho rahi hai",1
"behosh ho gaye hain",2
"3 din se bukhaar nahhi ja raha",1
"mild hedaache",0
"moderate fever with chills",1
"generel weakness",0
"fever with vomiting",1
"low grade fever",0
"slight couggh no fever",0
"distress severe",2
"fever no cold",1
"modret chest pain",1
"palptatons mild",1
"chhati mein crushing dard",2
"genral weakness 20 15",0
"minor stomach upset",0
"thakaan ho rahi haai",0
"generral weakness 116",0
"mild hedche 16 119",0
"halka bukhar h",0
"thodi kkhans ihai",0
"kamzori lag rahi hai",0
"chest mmein mild pain hai 86",1
"oxygn low patint unconscous",2
"emergency unconscious patient 92",2
"shortnes ofb reath",1
"thoda sa sir dard 14",0
"seene mein thodi jalan 134",1
"sevr chst tghtnes cant breathe",2
"chest crushing pain radiating arm",2
"mild chest tightness feeel ho rahi",1
"complaints 0",0
"behosh ho gaye hain",2
"mask chahiye patient unconscious 58",2
"no complaaints",0
"sop2 80 se neecche gaya emergency",2
"pulse bahut fas thai behosh hain 11",2
"seene mein discomfort",1
"light problem",1
"kamzori lag rahi hai",0
"thodi khansi hai 54",0
"light cold",0
"sir mein halka dard",0
"nromal cold",0
"palpitations 137",1
"kamzori lag rahi 145",0
"slight fevr stable",0
"sirf halka bukhaaar hai cold nahi",0
"slight fevr stable 117",0
"feevr 102 no cough just  body pain",1
"modrte chest pain",1
"ubkhhaar high fever",1
"saans nahi le pa rahe hain",2
"tez bukhaar bina sardi ke 131",1
"critical breathing afliure",2
"fever 102 aur body mein dard",1
"low grade fever",0
"normal zukam 4",0
"mein bahut tez dard saans nahi",2
"breatihng thodi difficult ho raih hai",1
"oxygen low ptient unconscious",2
"routine problem hai",0
"oxygen low patient unconscious 61",2
"patient respond naahi kar raha oxygen low 95",2
"low patint unconscous 52",2
"bukhr hgh fever",1
"halka bukhar h",0
"oxygen  dropping rapidly",2
"tez bukhaar aur bada ndard 85",1
"sevr chest ppain cant mov",2
"mild chhest pain",1
"oxygenn level critical",2
"orutine checkupp",0
"bohot tez  dard saans ruktee ja rahi",2
"thodi si fatigue",0
"no complaints",0
"chest crushing pain radiating arm",2
"seenne mein halka dard 98",1
"no majorr issuue",0
"high fvr bina khansi ke",1
"chhati dab rahi hai saans",2
"seene mein itna dard ki hilnna muushkil",2
"dizziness and",1
"sans lene mein thodi pproblem 110",1
"oxgynn critcal 114",2
"fvr 102 body pin",1
"dizziness and weakness ho rahi hai 95",1
"hosh nahii aa raha pulse zyada 146",2
"fver without cold",1
"oxygen low hai  patient uncosncious",2
"breathing slightly difficult",1
"cant breth at all 149",2
"pesristnt headache fever 104",1
"102 no cold",1
"genral weakness",0
"mild nausea",0
"routine problem hia",0
"sevr chs ttghtnes cant breathe 8",2
"light cold",0
"respratry distrss sevr",2
"slght fever stable",0
"3 din se bukhaar nahi ja raha",1
"hgh fever no cld",1
"heart attack symptoms severe chest pain",2
"bdaan mein bahut dard hai bukhaar ke saath",1
"bohot tez dard saans ruktee ja rahi",2
"saans bilkul nahi aa rahi meergency hai",2
"high fever no cold",1
"chest mein bahut tez dard saans rahi",2
"sevr breathlesnes s73",2
"chest crushing pain radiatinng arm",2
"patient not breathing properly",2
"patietn baat nahi kar pa raha oxygen low",2
"fevr 103 body ahc",1
"low fever sstabble",0
"kamzori lag rahi hai",0
"modrte pain 122",1
"bukhaar high fever 111",1
"sligt fever",0
"fvr high noc cld",1
"tez bukhaar aur badan  dard 69",1
"minor issu ehai koi badi baat nahi",0
"oxygen dropping rapidly",2
"thoodi kamzori",0
"chhati mein halka dard",1
"slight cough no fever",0
"chest mein bahut te zdard saans ruk rahi",2
"bahut zyada bukhaar hai 66",1
"sevr chest pain cantm ov",2
"fvr high no cld",1
"halka bukhaar hai",0
"sevr chst tghtnes cant breathe 4",2
"mild headche",0
"hlaki saans taklif",1
"chhati mein halka",1
"bhookh kam lag rahi hai",0
"sirf halka bukhaar hai cold nahi",0
"high fever with body ahce",1
"chti drd sns nnhi rhi",2
"behosh ho gy pulse high 41",2
"lsight  fatigue",0
"majr issue 109",0
"respiratory distress ssevvere",2
"moderate fever with chlils",1
"breathing slightly difficuult",1
"bukharan ahi bas kamzori",0
"sa headache ho raha hai 125",0
"halki saans ki taklif",1
"sans mushkil hai",1
"seene mein hlaka dard",1
"teez buukhaar sardi nahi",1
"tcold",0
"low fever no cough no cold",0
"halka bukhaar hai",0
"chest mein mild painn hai 109",1
"chhati mein bahut tez dard saans nahi",2
"bukhaar nahi kamzorii",0
"genrl 102",0
"weakness 66",0
"sir mein halkka dardd",0
"spo2 low bbrething siue",2
"unresponsive low oxxygen",2
"oxygen llow patient uunconscious",2
"chest pain itna severe hai emergency call karo",2
"pulse very high aur behosh hain 122",2
"chhati mein halka",1
"tez bukhaar aur badan",1
"oxygn  low pattint unconscous",2
"high fever without cold symptoms",1
"slight cough no fever",0
"thoda sra h",0
"oxygen dropipng rapidly",2
"behosh ho gya pulse hgh",2
"sirf zukam hai bukhaar nahi",0
"spo2 low brething isue",2
"sevr cchestp ain cant mov",2
"severe chesst pain cannot move",2
"halka sa body ache",0
"sligt  fever",0
"no mmajor problem hai",0
"sans lene mein thodi problem4 3",1
"no complaints",0
"normla zkuam",0
"mild sa headache ho raha hai",0
"thoda bukhaar hai khansi nahi",0
"palpitations mild 75 11",1
"chakkra aur kamzori",1
"difficult",1
"oxygen mask chahiye patient",2
"sans lene mein thodi problem",1
"thoda weaknses hai",0
"buukhr high fever",1
"low fever stable",0
"fever no cough",1
"sver chst tightness",2
"chest diiscomfrt 1",1
"mild  fever no clod",0
"bukhaar high fever 142",1
"patient collapsed pulsew eak 65",2
"halki ki",1
"patient collapsed pulse weak",2
"rroutine problem hai 125",0
"chakkar kamzori",1
"general weakness feel ho rahi hai",0
"spo2 loow brething issue 124",2
"slight fatigue 21",0
"minor issue hai koi badi baat naih",0
"bukhaarr 103 koi aur symptom nahi",1
"oxygen low hai patient unconscious",2
"fever stable",0
"fever with vomiting",1
"oxygen low hai patient unconscious",2
"chaati me dard saan snahi aa rahi",2
"sligt fever",0
"mild soore htroat",0
"minor allergy",0
"101 headache 139",1
"xoygn critcl",2
"fever since 2 dayys",1
"no complaaintss",0
"mmiled headache 2",0
"oxygen levle critical",2
"pet mein thoda",0
"sevr chst",2
"coontinuous fever since 2 days",1
"hosh mein nahi hai",2
"low fever stable",0
"fever without ocld 2 se",1
"bukhaar bahut zyada hai",1
"oxygen dropping rapidly",2
"cold",0
"pet mein thoda dard",0
"sirf zukam hai bukhaar nahi",0
"persistent headache wtih",1
"hosh nahi aa raha pulse zyada 133 95",2
"sansss thodi mushkil hai",1
"chhati mein crushing",2
"emergency hai patient collapseh oo gaya",2
"no major issue 134",0
"fever headache",1
"pet thoda kharab ahi 5",0
"mil dsore",0
"chest pain itna severe hai emergency call karo 88",2
"slight hai",0
"sevr chst tghtnes cant breathe",2
"halki saans ki taklif",1
"slightf vr 1",0
"bukhr hgh fever",1
"severe chset tightness cannot braethe",2
"breathing thodi difficult ho rahi hai",1
"mild hedaache",0
"chhoti si chot lagi 70 64",0
"oxyeg nlevel critical",2
"hgh no cld",1
"palpitations mild 12",1
"normall cold cough",0
"spo2b elow 90 emergency",2
"general weakness",0
"low grade fever",0
"bukhaar bahut zyada hai",1
"kamzori lag rahi hai",0
"midl heaadche",0
"fvr 101 haedach",1
"sirf bukhaar hai cold bilkul nahi",1
"critical breathing failure",2
"sir mein dard",0
"no mjor isssuee",0
"chhati bahut dard saans nahi",2
"low grade fever",0
"bukhaar hai khansi nahi",1
"silgt fever",0
"midl headache 120",0
"bhookh kam lag rahi hai",0
"slight cough no fever",0
"rsepratry distrss sevr",2
"continuous fever since 2 days",1
"cotninuos fever",1
"sevr chest apin cant mov 106",2
"sirf bukhaar hai cold bilkul nahi",1
"high fever with ache",1
"chst pin brething problm",2
"bukhaar bahut zyada haai",1
"sans thodi mushkil hai",1
"pulse bahut fast hai behosh",2
"chest discommfrt",1
"oxygen bahut hai",2
"imld shortness breath",1
"normall cold cough",0
"chati mein dard sans nahi aa rahi",2
"spo2 80 neeche gaya emergency 22",2
"bahut zyada bukhaar hai",1
"oxygen unconscious",2
"chhati dab rahi saans nahi",2
"behosh ho gaya pulse high",2
"persistent headache with fever 67",1
"bukhaar 102 khansi nahi",1
"chakkar aur kamzori 11",1
"sevrc hst tightness",2
"bukhaar hia",0
"dizziness and weakness",1
"chhoti si chot lagi",0
"no amjr issue 26",0
"slight cough no fever 42",0
"bukhaar 103 koi aur symptom nahi 139",1
"sirf halka bukhaar hai cold nahi",0
"normall cold cough",0
"102  fever no cold 86",1
"miled heeadache",0
"dizziness and weakness ho rahi hai",1
"cant breth at all",2
"cchest discomfrt",1
"severe chest tightness cannot breathe 58 22",2
"runny onse",0
"sir mein halka dard",0
"bukhaar hai khansi nahi",1
"bkuhaaar bahut zyada hai",1
"emergecny unconscious patient 126",2
"noormall cough",0
"dizziness and weakness ho rahi hai",1
"thoda weakness",0
"chest mein bahut tez dard saans ruk rrahi 68",2
"chest pain itna severe hai emergency call karo",2
"puls vry hgh unconsious",2
"saans bilkul nahi aa rahi emergency hai",2
"sevr breathlesness",2
"severe breathlessness cannot speak 2 44",2
"emergency  hai patient collapse ho gaya",2
"mild hedache",0
"low fever stable",0
"slight cold 80",0
"hiigh fever no cold 116",1
"fever 102 aur mein dard",1
"fveer hai stable hai",0
"kamzori lag rahi hai 103",0
"genrl wekness",0
"dizziness feel ho raha hai",1
"chest mein mild pain hai",1
"general weeakness feel ho hai",0
"mild breathlessness on exertion",1
"bukhara 101 sir dard",1
"hlaki zukma hai",0
"oxygn low patint unconscous",2
"bahut zyadda bukhaar",1
"fvr high no cld",1
"slight fveer stable",0
"persistent fever 3 days",1
"seene mein discoomfortt",1
"spo2 drop raha hai breathingg issue",2
"patient colllapse ho gaya",2
"chest disocmfort mild",1
"continuous fever  since 2 days",1
"chati mein dard sans naahi aa rahi",2
"oxygen low paatient",2
"spo2 low breathing issue",2
"sans lnee mein dikka tho rahi hai",1
"patient respond nahi kar raha oxygen",2
"fever without cold 2 din se",1
"mujhe tez bukhaar hai ccold nahi hai 35",1
"badan garm hai khansi nahi",1
"sans lene thodi problem",1
"dizziness and weakness ho rahi hai",1
"halki zukam hai 25",0
"halki zukam hai",0
"spo2  olw brething isue",2
"sir mein halka dard 97",0
"critical breathing failure",2
"bahut zyada bbukhaar hai 74",1
"severe breathlessness patien tbaat kar pa raha",2
"thodi khansi hai",0
"oxygen girr raha hai patient unconscious hai",2
"saans anhi le pa rahe hain 135",2
"bukhaar fever",1
"cant breth at all",2
"mild shoortness off breath",1
"chst tightnss mild",1
"moderate fever with",1
"sligt fffever",0
"chhati mein halka dard",1
"no amjor issue",0
"sanns thodi mushkil hai",1
"critical breathing failure 79",2
"chest pain breathing  problem 104",2
"thoda bukhaar hai khansi nahi 135 129",0
"hosh nahi aa raha pulse zyada",2
"light brething problem",1
"sirf zukam hai bukhaar nahi",0
"chati mein dard sans nahi aa rrahi 42",2
"oxygn level critcl 9 106",2
"chst pani",2
"spo2 below 90 emergency 102 7",2
"breathin gproblm mild",1
"ebhosh pade hain pulse nahi aa raha",2
"needn nahi aa rahi 25",0
"dizziness and weakness ho  rahi hai",1
"critical conditio nhai oxygen low 112",2
"haalki saans ki taklif",1
"badan mein bahut dard hai bukhaar  ke saath",1
"patient not breathing",2
"thodi khansi hai",0
"sans mein dikkat ho rahi hai",1
"severe cchest pain hai saans nahi aa rahi",2
"chaati me dards aans nahi aa rahi",2
"dizziness and waekness",1
"patient unconscious  not responding",2
"mild chst",1
"me dard saans nahi aa rahi",2
"minor issue hai koi badi nahi",0
"thoda bukhaar hai khansi nahi 41",0
"saans bilkul nahi aa rahi emergency hai",2
"upset",0
"oxygen critical level pe hai",2
"behosh ho gy pulse high 22",2
"behosh ho yga pulse hgh 14",2
"cannot rbeathe at all 84",2
"persistent headache with fever",1
"pet mein thoda dard",0
"fever 102 no cold weaknesss",1
"saans ki nail band hor ahi hai",2
"chest discomfort ho raha hai 95",1
"chhati dab rahi hai saans nahi",2
"saans bilkul nahi aa rahi emergency hai",2
"hgh fever no cld",1
"oxygen level gir rah ahai 67",2
"high temperature body pain",1
"oxygen level critical",2
"moderate chest pain",1
"mild hedaache",0
"mild hedaache",0
"fever without 3 days",1
"normall cough",0
"breathing slightly difficult",1
"fever 101 nno runny nose",1
"not breathing properly 42",2
"chest mein bbahut tez dard saans ruk",2
"bukhr high fever",1
"severe chest pain cannot move",2
"minor allergy",0
"feevr wtih vomiting",1
"seene mein itna dard ki hilna mushkil",2
"chest pain breathing problem",2
"mild sa bukhar h stable h 138",0
"bukhar sardi nhi",1
"highh temperature body pain",1
"bukhaar hai kkhansi nahi",0
"chakkar aur kamzori",1
"oxgyn rcitcla",2
"fevr 103 body ach",1
"hallka bkuhar h",0
"generl wekkness",0
"oxygen level pe hai",2
"thakaan ho rahi hai",0
"sevr chest pain cant mov 94",2
"mild fever wtihout cold",0
"bukhaar nah ibas kamzori",0
"saans nahi aa rahi hai",2
"si chot",0
"fever high hai body pain bhi 82",1
"no major probblem hai",0
"thodi si fatigue 28",0
"breathing slightly difficult 87",1
"saans lene mein thodi taklif",1
"saans bilkul nahi aa rahi emergency hai",2
"slight cough no fever",0
"minor body ache",0
"severe chest cannot breathe emergency 105",2
"spo2 below 90 emergency",2
"sevr tghtnes cant breathe 115",2
"spo2 low brething isue",2
"sirf bukhaar hai cold bilukl nahi",1
"mild shortness of breath",1
"bhookh kam lag rahi hai",0
"oxygen mask chahiye jaldi",2
"chest pin brething",2
"saans rukne wali hai 120",2
"mild headache",0
"mujhe bukhaarh  khansi nhi h",1
"behosh ho gy pulseh igh 82",2
"oxgyn low unconscous",2
"mlid hedche",0
"mmild",0
"severe chest tightness cannot emergency",2
"miild hedache",0
"behosh ho gaye",2
"nahi aa rahi hai",2
"mild sa bukhar h h",0
"chest pin brething problem 95",2
"bohot tez saans ruktee ja rahi",2
"patient not breathing properly 127",2
"bukhaar hghh efver",1
"pet thodaa kharba hai",0
"oxygen gir raha hai patient unconscious hai",2
"hosh nahi raha pulse zyada 88",2
"wekness",0
"generll wekness",0
"chst tigthnsss mild",1
"chest pin brething problem",2
"fever 101 no runnny nose 116",1
"fver without",1
"mild breathlessness on exertion",1
"heart symptoms severe chest pain 97",2
"miled 17",0
"fever 110 headache",1
"3 din se ubkhaar nahi ja raha",1
"spo2 drop ho raha hai breathing issue 84",2
"patient collapse hoo gaya",2
"bukhaarr hai pr khansi",1
"mild shrotnes of breath 108",1
"mild chst pain",1
"garm hai khansi nahi",1
"small cut minor injury 49",0
"fever without cold 3 days",1
"cold cough",0
"chest crushing pain radiating arm",2
"spo2 drpping emergeny 79",2
"mild sore throat",0
"severe chets tightness cannot",2
"patient hosh mein nahi hai",2
"imld headache",0
"severe breathlessness patient baat nahi kar pa",2
"saans lena impossible ho raha hai",2
"continuos fever",1
"spo2 80 sse neeche gaya",2
"thodi kamzoori",0
"critical condition hai oxygen low",2
"mild fever without cold 48",0
"cold cough",0
"behosh pade hain pulse nahi aa raha",2
"mild breathhlessness",1
"thod afever hai stable hai",0
"haalki fever sardi nahi",0
"chaati me dard saans nahi aa rahi",2
"critical breathing failure",2
"patient baat nahi kar pa raha oxygen low",2
"generel weakness",0
"tez bukahar aur badan",1
"lene mein thodi problem",1
"isr mein hallka dard",0
"mild headdache 75",0
"chhati meiin bahut tez dard saans nahi",2
"saaans nahi le pa rahe hain",2
"halki fever hai sardi nahi",0
"mildd sa headache ho raha hai",0
"slight fevr stablee",0
"oxygen low hai patient unconscious",2
"chest mein mild pain hai",1
"high fever coldd",1
"spo2 low brehting sisue",2
"nd weknesss",1
"thoda fever hhai stable hai 2",0
"high temperature body pain",1
"thakaan ho rahi hai",0
"saans nahi le pa arhe hain 77",2
"halki khasi",0
"behosh ho gy pulse high",2
"mild nausea",0
"bukhr high fever",1
"ewakness feel ho rahi hai",0
"level critcl 46",2
"oxygen level critical",2
"mild on exerrtion",1
"oxygen level gir raha hai",2
"dizziness and weakness",1
"seeene mein itna dard ki hilna mushkil",2
"genral weakkness 33",0
"mil dfever wiithout cold",0
"tez bukhaar aur badan dard",1
"dizzienss and",1
"slight runny nose",0
"mask chahiye jaldi",2
"chst tightnss mild",1
"thoda weakness hai",0
"halka bukhar h",0
"spo2 below 90 emergency 113",2
"minor body ache 111",0
"routine problem hai",0
"severe chest tightness cannot breathe emergency",2
"slight fatigue",0
"chest tightenss mild",1
"high fvr bina khansi ke",1
"slitg fever",0
"behosh pade haiin saans mushki lse aa rahi",2
"saans rukne hai",2
"allregy",0
"chst crushng pain",2
"sans thdoi mushkil hai 106",1
"oxygen mask chahiye jaldi",2
"persistnt headache fever",1
"bukhr hiigh fever",1
"102 khansi nahi",1
"minor stomach upset",0
"chhati dab rahi hai saans nahi",2
"patient unconscious not responding",2
"bukhaar body pain no cough no cold",1
"fever high hai body pain bhi",1
"seeene mein halka dard",1
"no complaints",0
"bohot tez dard saans ruktee ja rahi 112",2
"spo2 low brething issue",2
"slight fever",0
"fever 102 body pain",1
"fever with body pain no cold",1
"chest pinb rething problem 98",2
"patient baaat nahi kar pa raha oxygen low 86",2
"issue",0
"severe chest tightness cannot breathe",2
"chset discomfort ho raha hai 114",1
"ubkhaar high fever",1
"behosh gya pulse hgh",2
"oxygen low patient unconscious",2
"bukhaar 3 din se hhai",1
"oxygen critical level pe",2
"pet thoda kharab hai",0
"chhati mei ncrsuhing dard",2
"patient baat nahi kar pa raha oxygen low",2
"saans nali abnd ho rahi hai",2
"chhati mien crushing dard",2
"dab rahi hai saans nahi",2
"saans bilkul nahi aa rahi emergency  hai 16",2
"sevr chestp ain cant mov",2
"critical breathing failuure",2
"saans nahi le pa rahe hain 97",2
"bukhr hgh fever",1
"oxygen critical pe hai",2
"chest diiscomfort mild 141",1
"slightf vr",0
"small cut minor injury",0
"sans thodi mushkil hai",1
"halka sa body ache",0
"bukhaar bbas kamzori",0
"persistent efver 3 days 128",1
"persistnt headache feevr",1
"halki zukam hai 75",0
"cough",0
"thodi kamzori",0
"sevr chest pai ncant mov 127",2
"patient respond nhai kar raha oxygen olw",2
"mnior allergy",0
"modrtte  chest pain",1
"slght fever stable",0
"sirf halka bukhaar hai cold nahi",0
"while standing",1
"halka ahi",0
"sevr chest pain cant mov 15",2
"checkup",0
"severe breathlessness baat nahi kar pa raha",2
"spo2 low brething isue",2
"mildb reathlesness 128",1
"mild hedche 68",0
"mild",0
"mujhe tez bukhaar ahi cold nahi hai",1
"sa headache ho raha hai 49",0
"normal cold cough",0
"high fvr bina khhansi ke",1
"oxygen dropping rapidly 18",2
"spo2 drop ho raha hai breathing issue",2
"sligtt fever 108",0
"halki fever hai sardi nahi",0
"spo2 llow brething issue",2
"breaathing slightly difficult",1
"chest mein bahut tezd ard saans ruk rahi 22",2
"mild hedache",0
"mild sa bukhar h stable h 56 14",0
"behosh ho gy pulse high",2
"minor  allergy",0
"patient hosh mein nahi hai 86",2
"ffever 102 body pani",1
"miiled headache",0
"cant breth at all",2
"thoda fever hai stable hai",0
"sans thodi  mushkil hai",1
"severe breathllessness cannot speak 52",2
"hedche",0
"chest crushing pain ho hai 36",2
"resprtary distrss sevr 113",2
"chst tghtnes cant braethe",2
"badan garm hai khansi nhai",1
"low fever stable 5",0
"halka bukhar h",0
"chst pin brething porblm",2
"heart attack symptoms severe chest pain",2
"normol cold cough",0
"mild headche",0
"respratry distrss sevr",2
"spo2 drop ho raha hai breathing issue",2
"pet thoda kharab hai",0
"chhoti si chot lagi",0
"thoda weakness hai",0
"mild headahce",0
"mild headache",0
"mild hcst apin",1
"thodi khansi hai",0
"behosh ho gaye hain 69",2
"thoda weakness hai",0
"fatigue",0
"sliigt fever",0
"no major hai",0
"puls hgh unconsious",2
"seene mein itna dard ki hilna mushkil",2
"slight cold",0
"slight fevr stable",0
"fvrr no cld",1
"norml cold cough",0
"khansi hai 149",0
"ggenerl  wekness",0
"behosh ho gy pulse high",2
"patient not breathing 83",2
"slght stable",0
"chhooti si chot lagi",0
"no major issue",0
"esene mein itna dard ki hilna mushkil",2
"severe breathlessness patient baat nahi kar pa raha",2
"tez bukhaar bina sardi ke",1
"bukhar tez h sardi nhi",1
"mild hhedchhe",0
"halka bukhaar hai",0
"palptatons mild",1
"oxyggen level critical",2
"baadn garm haik hansi nahi",1
"no major pproblem hai 81",0
"mild sore throat",0
"high fever no cough 6",1
"normall cold cough 129",0
"severe chest pain hai asans nahi aa rrahi",2
"mild hedaache",0
"oxygne dropping",2
"chest tightness mild",1
"fever 102 no cold just weakness",1
"sir mein ahlka drad",0
"continuos fever",1
"palpitations mild",1
"kamzori lag rahi hai",0
"fvr highh no cld 110",1
"halka as body ache",0
"chakkar aur kamzori",1
"bilkul nahi aa rahi emergency hia",2
"rsepratry distrss seevr",2
"chest pin brethign problem",2
"puls vry hgh unconsious 105",2
"nahi aa",0
"thoda weakness hai",0
"oxygn level critcl",2
"fever 102 body pain",1
"mild hedche",0
"tthodi khansi hai",0
"bukhaarr 102 khansi nahi",1
"minor allergy",0
"oxgyn critcla",2
"fvr 102 body pin",1
"oxygn critcl 97",2
"pules very high behosh hain",2
"spo2 isue",2
"slight coold haii",0
"mild sa headache ho rahaa hai",0
"low fever stable",0
"halki khsai",0
"sliight fevr stable 31",0
"no mjor issue",0
"low grade feeevr",0
"dizziness while standing",1
"mild sore",0
"fever high hai boody pai nbhi",1
"thoiid kamzori",0
"high temperature body pani",1
"mino upset",0
"high ffever with body ache",1
"dizziness and weakness",1
"thodi kamzori",0
"mlid chst pain",1
"sirf bbukhaar hai cold bilkul nahhi",1
"badan mein bahut ddard hai bukhaar ke saath",1
"bukhaar 101 sirr dard",1
"pulse very ihgh aur behosh",2
"fever with body no",1
"thoda sa dard",0
"oxygn level critcl 55",2
"low grade fever 110",0
"shortnes of breath",1
"minor allergy 1000",0
"tez bukhaar aur badan dard",1
"chest crushing pain radiating arm",2
"no major problem",0
"3 din se bukhaar naih j araha",1
"fver without cold",1
"severe chest tightenss cannot breathe",2
"thoda weakness hai 22 35",0
"seene mein discomfort",1
"slight runny nose",0
"halki khasi hai 121",0
"chest pain breathing problem 24",2
"minor sisue hai kooi badi baat nahi",0
"mild naausea 70",0
"halka bukhaar hai",0
"dizziness nd wekness",1
"severe breathlessness patient baat nahi kar par aha",2
"seene mein itna dard ki hilna mushkil",2
"spo2 drop ho raha hai breathing issue",2
"pain",2
"behosh hho gaya pulse high",2
"bukhaar high fever 138",1
"high fevre no cold 131",1
"mild breathlessness on exertion",1
"patient unconscious not responding",2
"oxygn low patint unconscous 22",2
"emergency hai patient collapse ho gaya",2
"sans thodi mmushkill hai",1
"severe chest pain cannot 86",2
"no",0
"chhati mein halka dard",1
"hhigh fever no couhg",1
"thodi khanssi",0
"102 fever no cold",1
"minor issue hai koi badi baatt nahi",0
"tez bukhaar aur badan dadr 123",1
"minor issue hai koi badi baat nahi",0
"sevr chest pain cant mov",2
"patient hosh mein nahi hai",2
"badan hai khansi nahi",1
"chhaati me dard saans aa rahi",2
"cannot breathe at all",2
"sevr breathlesness",2
"ppalptatons milld",1
"genral weakness",0
"thoddi khansi hai",0
"sevr chst tghtnes cant breathe",2
"kamzori lag rahi hai",0
"high fever no cold",1
"patient collapse ho gaya",2
"routnie problme hai",0
"mild hedche 146 2",0
"oxygen low hai patient unconsccious 64",2
"mujhe tez bukhaar hai cold nahi hai",1
"seene mein discomfort",1
"chhoti si chot lagi",0
"cant breth at all",2
"fever 102 body pain",1
"snas lene mein thodi problem 109",1
"bbukhaar nahi bas",0
"tez bukhaar bina sardi ke",1
"bhookh kam lag rahi hai",0
"routine problem hai",0
"tez bukhaar ibna sardi ke",1
"minor ache",0
"slight ffatigue",0
"thodi si fatigue",0
"fever high hai bodyp ain bhi",1
"patient not breathing 115",2
"pulse very high unconscious 103",2
"chhoti si chot lagi",0
"behhosh pade hain pulse nahi aa raha",2
"bukhr hgh fever",1
"no issue",0
"behosh ho gaya pulse bahut high",2
"mild shortness of berath",1
"n omajor problem hai 38",0
"halka sa body ache",0
"bukhaar hai khansi",1
"mild sa headache ho raah hai",0
"fevr 103 body ach",1
"silgt fever 37",0
"mild chest pain",1
"sevr chst tightness 123",2
"mild chest pain",1
"fever 102 no cough just body pain",1
"critical breathing faliure",2
"critical breatihng failure",2
"oxygen bahut kam hai",2
"oxygen level crittical 26",2
"sevrc hsst tghtnes cant breathe",2
"halki khasii hai",0
"fever with vomiting 71",1
"chakkaar aur kamzori",1
"no majr sisue 0",0
"fever",0
"mein crushing dard",2
"halka bukhaar hai 25",0
"patient respond nahi karr aaha oxygen low",2
"diizzyness weakness",1
"bukhaar nahi bas kamzori",0
"low fever stable 117",0
"chst crushng pain 25",2
"breathing problm mild 30",1
"chaati me dard saans nahi aa rahhi",2
"pulse bahut fas thai behosh hain 118",2
"chhati dab rahi hai saans nahi 84",2
"badan mein bahut dard hai bukhaar ke saath",1
"behosh ho gy pulse high 48 94",2
"chest discomfort mild",1
"chest pain itna severe hai emergency call karro 144",2
"neend nahi aa rahi",0
"emergency unconscious patient",2
"bukhaar hai khansi nahi",1
"genrrrl wekness",0
"behosh ho gya pulse ghh",2
"emergency unconscious patient",2
"nausea 53",0
"nahi bas kamzori",0
"pet  mein thoda dard 73",0
"fever without cold 2 din se",1
"fever hai but cold nahi 3 se",1
"halkii zukam hai",0
"slight cough no fever",0
"witth vomiting",1
"bukhaar hai khansi nahi",0
"genral weakkness",0
"crritical breathing failure 132",2
"sligt fever 92 135",0
"mild hedche",0
"si chot lagi 123",0
"halik  saans ki taklif",1
"spo2 80 se neeche gaya emergency",2
"oxygen low patient 18",2
"thoda sar dard h 30",0
"bukhr hgh fever",1
"behosh pade hain saans mushkil se aa rahi",2
"oxygen ddropping rapidly",2
"oxygen low unconscious",2
"3  din se bukhaar nahi ja raha 5",1
"norml cold cough",0
"saans nhai aa rahi hai",2
"low fever stbale 87",0
"emergency hai pattient collapse gaya",2
"saans rukne wali hai 1",2
"mmild chst pain 85",1
"slight fever stable",0
"behosh ho gayeh ain",2
"chest pain breathin gproblem",2
"mild sa headache ho raah hai",0
"chhatim ein crushing",2
"halki hai",0
"mild fever no cold",0
"high temperature body pain",1
"fever without cold 2 din se 15",1
"tez bukhaar aur badan dard",1
"halka bukhaaarh ai",0
"generel weaknessss",0
"saans nahi le pa rahe hain",2
"headche",0
"chhakkar aur kamzori 24",1
"small cut minor injury",0
"fever chills",1
"puls vry hgh unconsiious 58",2
"spo2 80 se neeche gaya emergency",2
"fever with body pain no cold",1
"bukhar tez h sardi nhi",1
"mild fever without",0
"oxygen mmask chahiye patien tunconscious",2
"genrl wwekness",0
"fevr 103 body ach  136",1
"normal zukam",0
"spo2 emergeny",2
"mild fever without clod 88",0
"respiratory distress severe",2
"mildd headache",0
"sans lene mein dikkat ho rahi hai",1
"mil dsa bukhar h stablee h",0
"patient respond nahi kar raha oxygen olw",2
"severe breathlessness cannot speak",2
"paitent not breathing",2
"norml cold cough",0
"milds hortness ofb reath",1
"low grade fever",0
"mild headdache 60",0
"normal zkuam",0
"chest tighttness mild 96",1
"no major issue",0
"patient ho",2
"fever 101 headache",1
"mild chest pain",1
"miled headache 771",0
"mujhe tez bukhaar hai cold nahi hai",1
"bukhaar nahi bas kamzori",0
"halka bukharrr h",0
"behosh ho gaaey hain",2
"idzziness while stadning",1
"slight fatigue",0
"pulse very high behosh hain",2
"bukhar tez sard inhi",1
"severe breathlessness cannot 122",2
"routine problem hai",0
"seene mein halka drad",1
"pulse very hhigh aur behosh hain",2
"high fever without cold symptoms 82",1
"routine checkup",0
"fever 102 no cough just body pain 111",1
"hai patientt collapse ho gaya",2
"bukhaar pain no cough no cold 43",1
"chest tightness cannot breathe",2
"halka bukhra h 14",0
"thodi si fatigue",0
"fvrr 102 body pin",1
"general weakness 144",0
"contniuos fever",1
"hgh fever no lcd",1
"no majr issue",0
"bukhaar 101 sir dard",1
"severe chest pain hai saans nahi aa rahi",2
"thoda bukhaar hai khansi nahi 121",0
"thoda sar dard h 92 142",0
"oxygen criitical level pe hai",2
"sevr chest pain cant mov",2
"fever without cold 2 din se",1
"kam rahi hai",0
"thodi kamzori",0
"oxygen dropping rapidly",2
"slight frv",0
"spo2 drppnig emregeny",2
"sevr chest pain cant",2
"ligght",0
"halki khasi hai",0
"saans nahi le pa rahe hain",2
"bukhaar ke satah ulti 25",1
"sevr breathlesness",2
"chhati dab rahi hai saans nahi",2
"patient respoond nahi kar raha oxxygen low",2
"cold",0
"high fever without cold symptoms",1
"chest mein bahut  tez dard saans ruk rahi",2
"severe chest pain hai saans  nahi aa rahi 107",2
"no majr issue 100",0
"nromal zukam 28",0
"minor stomach upset",0
"high efver",1
"thakaan ho rahi hai",0
"fever 102 body pain 71",1
"fever 103 other symptoms",1
"emergecnyy unconscious patient",2
"routnie checkup",0
"respiratory distress severe",2
"badan mein bahut dard bukhaar ke",1
"seenem ein discomfort",1
"ferv 103 body ach",1
"normol cold cough",0
"mild nnausea",0
"minor stomach upset",0
"oxygen gir raha hai patient unconscious hai",2
"idzziness and weaknesss ho rahi hai",1
"halka sa body",0
"bukhaar hgh",1
"mujhe bukhaar hai cold nahi hai",1
"puls vry hgh unconsious",2
"mild  headache",0
"chest pain breathing problem",2
"seene mein halkad ard",1
"dizziness feel ho hai",1
"pet thoda kharba hai",0
"bukhaar 103 koi symptom naih",1
"routine checkpu",0
"small cut minor injury",0
"low grade fever",0
"normml cold cough 7",0
"chakkar aa raahe hain 39",1
"saans rukne wali hai",2
"dizzyness weakness",1
"halki zukam hai",0
"sans thodim ushkil hai 83",1
"puuls vry hgh unconsious 128",2
"bukhaar 101 sir dard 11",1
"bukhaar ke saath ulti",1
"fver",1
"patient baat nahi kar pa raha oxygen low",2
"normol codl cough",0
"sliight fvr",0
"sevr chst tghtnes cant brreathe",2
"breathing thodi difficult ho rahi hai",1
"bukhaar hgh fever 59 120",1
"spo2 drpping emegreny",2
"halka buhkaar hai 77",0
"mild chest 79",1
"bukhaar zyad ahai",1
"bohot tez dard saans ruktee ja rahi",2
"oxygen mask chahiye jaldi 7",2
"spo2 80 se neeche gaya emergency",2
"oxygen maask chahiye patient unconscious",2
"light cold",0
"fever without cold 3 days",1
"minor bbody ache",0
"chst tightnss mild",1
"fever 102 no cough just body pain",1
"saans nahi le pa rahe hain",2
"modrte chest pain",1
"no complaints",0
"light breathing problem",1
"respratry distrss sevr",2
"oxygn level critcl",2
"ssaans rukne wali hai",2
"chhati mein halka dard",1
"general weakness feel  ho rahi  hai",0
"chakkar aa rahe hain 23 66",1
"palptatons milld",1
"bukhaar hgihf ever",1
"cannot breathe at all",2
"dizziness feel ho hai",1
"sirf hlaka bukhaar hai cold nahi",0
"fever 101h eadache",1
"fever high hai body pain bhi",1
"persistnt headachef",1
"chst ipn brething problm 53",2
"mlid",1
"light cold 126",0
"chkaakr aa rahe hain",1
"oxgyn critcal",2
"chest pain breathing probllem 110",2
"slight fvr 87",0
"patient collapsed 35 108",2
"lene mein dikkat ho rahi hai",1
"hosh nahi aa raha pulse zyada",2
"seenee mein halka",1
"general weakness feel ho rahi hai 16 94",0
"dizziness feel ho raha hai",1
"fvr 120 bbody pin",1
"behosh ho gy pulse high",2
"chhoti si agi",0
"fever 103 no other symptoms",1
"patient baat kar pa raha oxygen low 16",2
"condition hai oxygen low",2
"behosh h ogaya pulse bahut high",2
"dizzyness wekaness",1
"bukhaar body pain no cough no cold",1
"mildb reathlessness on  exertion",1
"sevr chst tghtne scant breathe",2
"condition hai oxygen",2
"high no cld",1
"problem hai 31",0
"mild ssore thhroat",0
"saans lene mein thodi taklfi 134",1
"seene mein halka dard",1
"hchati halka dard",1
"moderate fever with chills",1
"mild shortness of",1
"behosh ho gaya pulse high",2
"fver cold",1
"seene meinn itna dard ki hilna mushkil 118",2
"low patient",2
"mild sore throat",0
"normal zukma",0
"kamzori 20",0
"bukhaar pain no cough no cold",1
"nausea",0
"spo2 90 emergency",2
"hghf ever no cld",1
"mild hedaache",0
"hosh nahi aa raha pulse zyada 60",2
"oxygen low hai patient unconsicous",2
"low fever no cough no cold",0
"sevr chest pain cannt mov",2
"mild fever without cold",0
"mild sa bkuhar h stabble h",0
"bukhara haii pr khansi nahi",1
"bukhaar 102 khansi nahi",1
"behosh gaya pulse high 66",2
"light ocld",0
"fever with body no cold",1
"slight fevr stable",0
"patient collapsed",2
"light cold",0
"fvr 012 bodyp in",1
"heart attack symptoms sevvere chset pain",2
"thoda sar h",0
"102 fever no cold",1
"no mjor issue 17",0
"slighht fatigue",0
"general wekaness feel ho rahi hai 149",0
"fever with body pain no cold",1
"highh feveer with body ache",1
"wekness 130",0
"severe chest pain cannot 60",2
"mild sa ho raha hai",0
"mild shortness bretah",1
"seene mein thodi jalan",1
"chhoti si chot lagi 125",0
"spo2 low brething isue 115",2
"saans nahi le pa rahe hain",2
"chest pain itna severe hai  emergency call karo",2
"behosh ho gaye hain",2
"light breathing 78",1
"slight cold hai 143",0
"no mjor issue 38 13",0
"persisteent fever 3 days",1
"seene mein discomfort",1
"fever with body no cold 143",1
"saans ki nali abnd ho rahi hai",2
"mild shortness of breath",1
"chest discomfrt",1
"sasn lene mein thodi problem 144",1
"mildn ausea",0
"bukhr high fever 17 83",1
"bukhr high fever",1
"slight cold hai 110",0
"thoda sa sir dard",0
"fever hai but cold nahi 3 days se",1
"slight hai",0
"continuoous fever since 2 days",1
"continuous fever since 2 days",1
"chhati halka dard",1
"bukhar tez h sardi nhi",1
"patient baat nahi kar pa raahh oxygen low",2
"halki fever ha isardi nahi 28",0
"unresponsive low oxygen",2
"chest crushing pain radiating 144",2
"slight fatigue",0
"oxygn low patint unconscous",2
"thoda sa dard",0
"halki fever hai sardi nahi",0
"low fever no cough no cold",0
"chakkar aa rahe hain",1
"chest discomfort ho raha hai",1
"mujhee bukhaar h kahnsi nhi h",1
"dizziness waekness",1
"emergency patinet",2
"thoda sar dard h 58",0
"minor allergy 120",0
"chti me drd sns nhi rhi",2
"saans le pa rahe hainn",2
"sevr chst tghtnes cant breathe 58",2
"mildh eadche",0
"unconscious patient",2
"mujhe bukhaar h khansi nhi h",1
"geneeral weakness",0
"tez bukhaar bina sardi",1
"fever with body pain no cold",1
"oxygn level critcl",2
"halki fever ahi sardi nahi",0
"gneerl wekness",0
"bukhaar ke saath ulti",1
"thdoi kamzori 13",0
"behosh ho gya pulse hgh 68",2
"sirf zukam hai nahi 65",0
"sveere chest tightness breathe",2
"mild chest pain",1
"mild fveer without cold",0
"mild sa headache ho raha hhai",0
"low brething iissue",2
"bukhaar bahut zyadah ai",1
"oxgy ncritacl",2
"light",0
"mild chest tightness feel ho rahi hai",1
"tez bukhaar bdaan dard",1
"seene mein itna dard ki hilna mushkil",2
"generl wekness",0
"ccannot breathe at all 145",2
"mujhe h khansi h",1
"dizziness  wekness",1
"halka hai 105",0
"oxyegn bahut kam hai",2
"emergency unconscious patient",2
"slight runny nose",0
"pet thodda kharab hai 42",0
"oxyg nlevel critcl",2
"light brething",1
"thhodi khansi hai",0
"sevr chest pain cant mov",2
"halki zuakm hai",0
"norml cold cough",0
"minor allergyy 109",0
"spo 2olw brething issue",2
"sseene mein thodi jalan",1
"halkki fever hais ardi nahi",0
"mild sore throat",0
"heart attack symptoms severe chest pain 5 64",2
"slight fvr",0
"bukhaa r102 khansi nahi",1
"routine checkup 108",0
"no  complaints 97",0
"slight fvr",0
"oxygen critical level pe hai",2
"seene mein itna dard ki hilna mushkil",2
"slight cough no fever",0
"high fever with bbody ache",1
"routine hai",0
"oxygn level critcl",2
"bukhaar bahut zyada  hai 67",1
"no major problem hai",0
"3 din se bukhaar nahi ja raha",1
"attack symptoms severe chest",2
"saans rukne wali hai 18",2
"bukhaar hai",0
"light cold",0
"sevr breathlesness",2
"halki hai sardi nahi",0
"behosh gaya pulse bahut",2
"ssevere breathlessness baat nahi kar pa raha",2
"cold cough 111",0
"pateint unconscious oxgyn low",2
"mild nausea",0
"milled headache",0
"behosh pade hain pulse nahi aa raha",2
"bukhaar ke saath ullti 102",1
"chhati mein halka dard",1
"respratry distrss sevr",2
"chest pain itna severe emergency call karo 33",2
"chest pain radiating arm",2
"routine checkup",0
"mild shortness of breath",1
"genrall weakness",0
"palpittatoins mild",1
"patient not responding",2
"tez bukhaar sardi ke 132",1
"continuos fever",1
"chest discomfrt",1
"cut minor",0
"allergy",0
"pulse very high aur behosh hain 8",2
"imld sa bukhar h stable h",0
"chakkar aur kamzori",1
"pet thoda kharab hai",0
"dizziness nd wekness 110",1
"mild",0
"mild shortnes oof breath",1
"bukhaar hai p rkhansi nahi 35",1
"chhoti sic hot lagi",0
"bukhaar hfever",1
"bukkhaar body pain no cough no cold 37",1
"respiratory distress severe",2
"chhati mein bahut tez dard saans nahi",2
"oxygen crittical level pe hai",2
"hosh nahi aa rahap ulse zyada",2
"halka bukhaar haai 69",0
"low fever no cough no ocld",0
"fever 1011 headache",1
"fvr 101 headach",1
"high temperature body pain",1
"neend nahi aa rahi",0
"fevr  103 body ach 71",1
"collapse ho gaya",2
"thoda bukhaar hai khansi nahi",0
"normol cold cough 67 106",0
"saans nahi le pa rahe hain 148 127",2
"high fvr bina khansi ke 08",1
"badan mein bahut dard hai bukhaar ke saath 23",1
"breathing thodi diffficult ho rahi hai 40",1
"chest discomfrt",1
"fever 102 cough just body pain",1
"oxygen level critical",2
"halki zukam",0
"pet thoda kharab haii",0
"bohot tez dard saans ruktee ja rahi 43 120",2
"bohot tez dard saans ja rahi",2
"bukhaar high fever",1
"slight cough no fever",0
"oxxygen bahut kamh ai",2
"chaati me dard saans nahi aa rahi",2
"high fever noc old 117",1
"oxygenl ow hai patient unconscious",2
"saans lena impossible ho raha hai",2
"mein halka dard",1
"sirfb ukhaar hai cold bilkul nahi 90",1
"fever 102 body pain",1
"bukhaar bahut hai",1
"miled",0
"chhoti si chot lagi",0
"spo2 low brething isue",2
"fever with body pain no cold",1
"sans lene mein dikkat ho rahi hai",1
"chst tightnss mild 137",1
"fever without cold 2 din 62",1
"no complaints 21 42",0
"high fever no cough",1
"mlid",0
"patient collapseh o gaya",2
"sirf halka bukhaarh ai cold nahi 105",0
"fever 102 no cough just body pain",1
"low breething issue",2
"bhookh kam lag rahi hai",0
"chest crushing pain ho rahi hai 144",2
"headache with feverr",1
"dizziness and weakness ho rahi hia 128",1
"perssitent fevver 3 days",1
"chest pin brething problem 116",2
"oxygen low ptient unconscious",2
"routnie checkup 17",0
"bukhr high fever",1
"saanss rukne wali hai",2
"no issuue",0
"palptatons mild",1
"behoshh o gya pulse hgh",2
"no issue",0
"spo2 drop ho raha hai breathing issue",2
"chakkar aa rahe hain",1
"thodaa sa sir dard 27",0
"efver with vomiting 1",1
"copmlaints",0
"thoda bkuhaar hai khansi nahi",0
"dizziness weakness",1
"bukhaar 103 koi aur symptom nahi",1
"severe chest pain hai saan snahi aa rahi",2
"bukhaar high fever 130",1
"dizzyness weakness",1
"fever with vomiting",1
"saans bilkul nahi aa rahi emergency hai",2
"cant breth at all",2
"halka bukhaar hai",0
"light breathing problem",1
"spo2 emergeny",2
"oxygen level gir hai",2
"sir mein halka ddard 84",0
"spo2 low breathing isssue",2
"fever with vomiting 113 61",1
"halka bukhaar hai 88",0
"patient collapsed",2
"chahti mein halka dard 86",1
"bukhara body paiin no cough no cold",1
"bukhaar 10 1dard",1
"bukhaar hai khansi nahi 61",1
"fever without 3 days",1
"tez hai zukam nahi 88",1
"slig tefver",0
"high fever with body achhe",1
"oxygen level gir raha hai",2
"mild headche",0
"bukhaar  nahi bas",0
"chhati dab rahi hai saans nahi",2
"pateint unnconscious oxgyn low",2
"ubkhr hgh fever 141",1
"chesst discomfort mild",1
"patient 120",2
"seene mein discomfort 35",1
"pulse very high aaur ebhosh hain",2
"bukhaar ke saath ulti",1
"wekness 126",0
"fever without cold 3 days",1
"chakkar aur kamzori",1
"slight fever stable",0
"patient unconscoius not responding",2
"mild chest pain",1
"chest tightness mild",1
"high fever no cough",1
"mild chest tightness feel ho hai",1
"3 din se bukhaar nahi ja raha",1
"thhodi kamzori 135",0
"chhati dab rahi hai saans nahi",2
"low fever no cough no cold 12",0
"saans lene mein thodi taklif",1
"breathing thodi difficult ho rahi ahi 38",1
"perisstent fever 3 days",1
"light brethingg problem 108",1
"spo2 80 se neechee gaya emergency",2
"mildd",1
"collasped pulse weak",2
"neendn ahi  aa rahi",0
"hosh nahi aa raha pulsse zyadaa",2
"mild hedache",0
"bukhaar 103 koi aur symptom  nahi",1
"seene mein itna dard ki hilna mushkil",2
"chhati mein tez dard saans nahi 60",2
"dizziness nd wekness 2",1
"norml clod cough",0
"severe chest painn cannot move",2
"emergency unconsciousp atient",2
"behosh ho gy puulse ihgh",2
"sppo2 brething issue",2
"bukhar tez h sardi nhi",1
"spo2 drop ho raha hai breathing issue 48",2
"kam lag rahi hai",0
"bukhaar 3 din hai",1
"fever 102 no cough just pain",1
"sirf bukhaar hai cold bilkul nahi",1
"spo2 low breathing issue",2
"patient unconscious not responding",2
"oxygen ptient unconscious",2
"chest discomfrt",1
"bukhaar 102 khansi nahi",1
"mild fever without coldd 95",0
"lveel critcl",2
"behosh ho gaye hain",2
"bahut zyada bukhaar hai 91",1
"light clod",0
"behosh ho gya pulse hgh",2
"spo2 llow brething isue",2
"102 fever no cold 51 61",1
"mild breathlessness on exertion",1
"general weakness",0
"normal cold cough",0
"mild breathlessness on exertion",1
"fever high hai body pain",1
"light bretinhg problem",1
"tez bukhaar bina sardi ke",1
"behoshh o gya pulse  hgh",2
"chest discomfort raha hai 39",1
"fever with body pain no cold 38",1
"bukhaar hai kkhansi",1
"saans  nahi aa rahi hai",2
"genrl wekness",0
"chest pain breathing problem 16 12",2
"slight cough no fever",0
"severe chest tightness cannot breathe",2
"oxygen mask chahiye jaldi",2
"sevr chest pain cant mov",2
"dizziness while standing",1
"severe chest tightness cannot breathe emergency",2
"bahut zyada bbukhaar hai",1
"tez bina ke",1
"geneeral weeakness",0
"oxygn loww patint unconscous",2
"oxygen droppingg rapidly 25",2
"severe breathlessness patient baat nahi kar pa raha",2
"hosh aa raha pulse zydaa",2
"spo2 ho raha hai breathing issue",2
"chest pain breathing problem 135 110",2
"severe chest tightness cannot breathe emeergency",2
"emergency hai patient  collapse ho gaya",2
"thoda bukhaar hai khansi nahi",0
"palpitationss mild 125",1
"oxygen bhaut kam hai 28",2
"high fever with body ache",1
"sop2 low breathing  issue",2
"chest crushing pain ho rahi  hai 59",2
"neend nahi aa rahi",0
"high fever no cough",1
"sligth fevr stable",0
"chest pin brething problem",2
"peersistnt headache",1
"palpitations mild",1
"spo2 low brething issue",2
"102 feevrn o cold",1
"severe chest tightness cannot breathe emergency",2
"fever cold",1
"chest pain itna severe hai emergency call karo",2
"patient unconscious not responding",2
"runny  nose",0
"paateint unconscious oxgyn low",2
"fever stable",0
"oxygen level gir raha hai",2
"mujhe bukhaar h khansi nhi h",1
"miled headache",0
"chakkar aar ahe hain",1
"high fever no cold 144",1
"sirf zukam hai bukhaar nahi",0
"fever 102 aur body mein dard",1
"oxgny critccal",2
"severe berathlessness cannot speak",2
"sirf bukhaar hai cold bilkul nahi",1
"chst pin brething problm",2
"no issue 119",0
"dizzienss while standing",1
"hai khansi nhai",1
"bhookh kam lag rahi hai",0
"sop2 low brething isue 1",2
"chhooti  si chot lagi",0
"chest  pain itna severe emergency call karo",2
"badan mein bahut dard ahi bukhaar ke saath",1
"seene mein thodi jalan",1
"slight fevr stablle",0
"high tempreature body pain 36",1
"chakkar aur kamzori",1
"chhati dab rahi hai saans nahi 115",2
"mild breeathlesness 77",1
"mild fever without cold",0
"slight fvr 45",0
"no issue",0
"bukhaar hgh fever",1
"sppo22 drop ho raha hai breathing issue",2
"spo2 low brething issue",2
"spo2 belwo 90",2
"fvr high no cld 96",1
"fvr high no cld 14",1
"slight vfr",0
"bahut kam hai 126",2
"mild chest apin",1
"slight cold",0
"chhati halka",1
"mild fever without cold",0
"bukkhaar 1002 khansi nahi",1
"norml cold cough",0
"generel 149",0
"buukhaar hgh fever",1
"no complaints",0
"pulse very high aur behosh hain",2
"halki fever haai sradi nahi",0
"shortnesso f breath",1
"mild sore throat",0
"halki fever hai sardi nahi",0
"kamzori lag rahi hai",0
"chest pin bretthing problem 52",2
"heddche",0
"hgh fever no lcd",1
"moderate fveer iwth chills",1
"modrte chest",1
"no mjor issue 37",0
"chest crushing pain radiating arm",2
"tez bukhaar hai zukam nahi 102",1
"pulse very high aur behosh hain",2
"oxygen mask chahiye patient unconscious",2
"bukhaar 101 sir dard 74 21",1
"mild efver without cold",0
"chakkar aa",1
"cant breth at 62",2
"light cold",0
"chest mein mild apin hai",1
"bukhara 3 din se",1
"chest discomfrt",1
"severe chest tightnesss cannot breathe",2
"loow grade fever 142",0
"pet mein thoda dard 43",0
"heart attack symptoms severe pain",2
"norml cold cough",0
"pet mein htoda dard 44",0
"weakness",0
"genrla weaknesss",0
"no mjar issue",0
"dizziness while standing",1
"chest mild",1
"chst crushng pain",2
"bukhaar hai khans inahi 116",1
"102 fever no cold 61",1
"bukhaar 3 din se hai",1
"tez bukhaar hai zukam nahi",1
"bukhaar pain no cough no cold 128",1
"low fever stable",0
"puls vry hgh unconsious",2
"mild hedaache",0
"mild headache",0
"mild sa bukhar h stable h",0
"seene mein itna dard mushkil",2
"garm hai khansi nahi",1
"dab rahi hai saans",2
"genrl wekness",0
"101 headache",1
"no major issue",0
"mild soret hroat",0
"mild hheadche",0
"kamzori lag rahih ai",0
"oxygen critical level pe hai",2
"high fever withoutc old ssymptoms",1
"thakaan ho rahi hai",0
"dizzyness",1
"sssevr breathlesness",2
"thodi si fatigue",0
"oxygn low patint unconscous",2
"fever without cold 2 din se",1
"small cut iminor injury",0
"seene mein halka dard",1
"persistent fever 3 days",1
"fever without cold 3 days",1
"mlid chest pain",1
"oxygen bahut kam ahi",2
"cannot at all",2
"chest pain itna severe hai emergnecy call karo",2
"mild hedche",0
"101 ehadach",1
"norml cold cough",0
"behosh ho gy pulse high",2
"severe chest pain hai saans nahi aa rahi",2
"chest crushingp ain ho rahi hai",2
"bukhaar hgh fever",1
"chest pain itna severe hai emergency call karo",2
"thoda fever hai stalbe hai",0
"thodi hai",0
"moderate chest pain",1
"bahut zyada bukhaar hai",1
"patient collapsed pulsew eak",2
"mild hedaache",0
"respond nahi kar raha low",2
"severe tightness cannot breathe emergency 39",2
"sspo2 drpping emergeny",2
"halkis aans taklif",1
"seene mein discomfort 137",1
"cheest mein mild pain hai",1
"fvr 101 headach",1
"no complaints",0
"dab rahi hai saanns nahi",2
"seene mein itna dard ki hilna mushkil 64",2
"halka bukhaar hai 142",0
"saans bilkul nahi aa rahi emergency",2
"fver without cold",1
"thodi si fatigue",0
"pet thoda kharab hai",0
"oxygen low patietn uncconscious",2
"sir mein halka dard",0
"chest mein bahut tez dard saans ruk rahi 132 40",2
"seene mein itnna dard ki hilna mushikl",2
"chaaati me dard nahi aa rahi",2
"spo2 80 se neeceh gaya",2
"breathing mild",1
"genrl wekness",0
"oxygen mask chahiye patient unconscious",2
"behosh ho gya pulse hgh",2
"dizziness feel ho  raha hai",1
"slightfa tigue",0
"patient collapse ho gayya 8",2
"chest pin brething problem",2
"high tmeperature body pain",1
"moderatec hest pain",1
"ept mein thoda dard",0
"oxygn level cirtcl",2
"chhati mein crushing dardd",2
"fever au rbody mein dard",1
"severe chest tightness cannot breathe emergency 147 125",2
"chest crsuhing pain ho rahi hai 82",2
"small minor",0
"spo2 90 emergency",2
"tez bukhaar hai cold nahi hai",1
"general weakness feel ho rahii",0
"thoodi khansi hai",0
"ffever stable",0
"seevr chst tgihtness",2
"thoda sar dard h",0
"drpping emergeny",2
"chest crushing pain radiating arm 4",2
"genrl wekness 30",0
"minor obdy ache",0
"mild hedaache",0
"chest ho rahha hai",1
"tez bukhaar sardi nahi 36",1
"behosh pade hain saans muskkhil se aa rahi",2
"respiratory distress severe",2
"heart attack symptoms severe chest pain",2
"tez bukhaar hai zukam nahi",1
"breathing thodi difficult ho rrahi hai",1
"minor allergy",0
"slight runny noes 109",0
"oxygen dropping rapidly",2
"high fever witth ache",1
"normall coldd",0
"slight fevr stable",0
"chhati mein crushing dard",2
"ccritical condition hai oxygen low",2
"dizziness and weaknses ho rahi",1
"oxygen low patient unconscious",2
"chhati mein halka dard",1
"no major problem hai",0
"bukhaar k esaath ulti",1
"patient collapsed pulse",2
"norml cold cough",0
"mild shortnnes of breath",1
"oxgyn critcal",2
"chhati dab rahi hai saans nahi",2
"fvr high no cld 6",1
"bohot tez dard saaans ruktee ja rahi 59",2
"fever 101 no runny nose 111 11",1
"general weakness",0
"severe chest tightness cannot breathe emergency",2
"saans nahi le pa rahe hain",2
"chhati mein halka dard",1
"chest discomfort ho raha hai",1
"mild sa headache ho raha hai 58",0
"runyn nose",0
"feevr 101",1
"thodi kamzori",0
"thodi kamzori",0
"mild chest pain",1
"sevr berathlesness",2
"sligt fever",0
"sevr breathlesness",2
"thoda fever hai staable hai",0
"saans nahhi aa rahi emergency hai",2
"high fvr bina khansi ke",1
"generalw eakkness feel ho rahi hai",0
"mild sa headache ho  raha hai",0
"minor body ache",0
"low fever no cough no cold",0
"continuuous fever since 2 days",1
"dizzinesss and weakness",1
"critical condition hai oxyegn low 11",2
"tiightness mild",1
"modrte chest pain",1
"slligt fever 134",0
"minor issue hai koi badi baat nahi",0
"fever without cold 2 din se 108",1
"severe chest tightness cannot breathe emergency",2
"oxgyn critcal",2
"pulse bahut fast hai behosh  hain 65",2
"genrlw ekness 103",0
"spo2  low brething issue",2
"zukam",0
"oxgyn critcal",2
"sans thodi mushkil hai",1
"dizziness while standing",1
"light cold",0
"mild shortness of breath 40",1
"patient ho gaya 24",2
"pet thoda kharab hai",0
"bukhr high fever",1
"hhig hfever no cough",1
"fvr 101 ehadach",1
"routine problem hai 12",0
"oxygeen level critical",2
"badaan garm hai khansi nahi",1
"bahut zyada bukhaar hai",1
"fever 102 pain",1
"spo2 drop ho hai breathing issue",2
"thoodi kamzroi",0
"spo2 low breathing iissue",2
"chest pain breathing problem",2
"halka bukhaar hai 97",0
"sans lene thodi problem 134",1
"102 fever no cold",1
"slight fatigue",0
"slight cold hai",0
"fever hai but cold nnahi 3 days se",1
"bukhaarb ody pain no cough no cold",1
"minor allergy",0
"chhati mein  bahut tez dard saans nahi",2
"fever 102 body pain",1
"persistent headache with fever",1
"fever 102 aurr body mein dard",1
"sirf zukam hai bukhaar nahi",0
"pet mein thoda dard",0
"tohdi khansi hai",0
"general weakness",0
"oxygen low unconscious 64",2
"cannot breathe at all 109 41",2
"mild chst pain 88",1
"bukhar tez h ssardi nhi",1
"crushing pain ho rahi",2
"no mjor issu e13",0
"behosh pade hain saans mushkil se aaa rahi",2
"halkik hasi  hai",0
"chest discomfort mmild",1
"norml ocugh",0
"oxygenn mask jaldi",2
"bukhaar hai pr khansi nahi",1
"bukhaar hai khansi nahi",1
"101 headach",1
"sirf zukam hai bukhaar nahi",0
"ho raha hai",1
"sspo2 low bretihng issue",2
"chhati mein bahut tez dard saans nahi",2
"high temperature bdoy pain",1
"cehst crushing pain radiating arm 114",2
"patient unconscious not rseponding 28",2
"respratry sevr",2
"miled headache",0
"fever high hai body pain bhi",1
"brething problem",1
"routine problem hai",0
"norml codl cough",0
"sliggt fever",0
"mild headche",0
"thoodi  kamzori",0
"fvr headach 14",1
"oxygen dropping rapidly",2
"normal cold cough",0
"nahi bas kamzorri",0
"emergency unconscious patient",2
"palpattons",1
"modrte ppain",1
"thodi kamzorri",0
"saans lena impossible ho raha hai 48",2
"spo2 below 90 emergency",2
"slight fvr",0
"spo2 low brethhing isue",2
"halkab ukhar h",0
"aur kamzori",1
"high fvr bina khansi ke",1
"patient mein nahi hai",2
"high fever without cold symptoms",1
"badan garm hai khansi nahi",1
"mild headche",0
"tez bukhaar sardi nahi",1
"halka bukhaar",0
"seene mein itna dard ki hilna mushkil 118",2
"spo2 below 90 emergency 50",2
"oxygen mask chahiye patient unconscious 79",2
"minor issue hai koi badi baat nahi",0
"rotuine problem hai",0
"oxygen low ptient unconssciuos",2
"saans nahi le ppa rahe hainn",2
"heart attack symptoms severre cehst pain",2
"chest pain breathing prooblem",2
"slght fever stable",0
"behosh ho gy pulse high",2
"mild chest pain",1
"spo2 low issue",2
"halki fever hai sardi nahi",0
"halkaa bukhaar hai 51",0
"patient baat nahi kar pa raha oxygen low",2
"halka sa body achee",0
"sevr chst tghtnes cant breathe 71",2
"thodii kamzori",0
"fever cold 3",1
"behosh pade hain saans mushkil se aa rahi",2
"bukhaar body pain no cough no cold",1
"chhati emin halka dard 52",1
"spo2 low brething issue",2
"patient baat nahi kar pa raha oxygen low",2
"chhati mein crushing dard",2
"hos hnahi aa raha pulse zydaa",2
"chets crushing pain h orahi hai",2
"fever with body pain no cold 115",1
"oxygen low ptient unconscious",2
"generall weakness 109",0
"breathing problm mild 31 56",1
"light brething problem",1
"cotninuos fever",1
"chest discomfrot",1
"bukhaar hai khansi nahi 23",1
"mild shortness of breath",1
"patient collapsed pulse weak 139",2
"no amjr",0
"persistent fever 3 days",1
"minor alllegry",0
"mild chest tightness feel ho rahi hai",1
"sir mein halka dard",0
"seene mein idscomfort 133",1
"low fever stable",0
"fever without cold 3 days",1
"oxygen level gir raha hai",2
"thoda hai stable hai",0
"thoda fever hai stable 128",0
"thodda sa sir dard 36",0
"thoda sa sri dard",0
"oxygn critlc",2
"severe breathlessness patient baat nahi kar pa raha",2
"dizziness and weakness",1
"thhodi si",0
"cold cough",0
"mild shortness breath",1
"chhati dab rahi hai saans nahi 53",2
"n omajor issue",0
"oxygen gir rah ahai patient unconscious hai 137",2
"chest discomfort mild",1
"severe chest tightness cannot breathe emergency 27 57",2
"sirf zukam hai bukhaar nahi",0
"chhoti si chot laig 144",0
"saans bilkul nahi aa rahi meergeency hai",2
"not breathing propperly",2
"no mjor issue",0
"nd",1
"puls rvy hgh unconsious",2
"routine problemh ai 79",0
"routine checkup",0
"saans ki nali band ho rahi hai 147",2
"halki ai",0
"ppatient collapsee ho gaya",2
"spo2 low brething isue",2
"normal cold cough 139",0
"chest mein mild pain hai",1
"chest discomfortm ild",1
"bukhaar 1011 sir dard",1
"thoda sar dard h",0
"thodik hansi hai",0
"chhoti si chot lagi 48",0
"bukhar etz h sardi nhi 116",1
"severe chest pain hai saans nahi aa rahi",2
"patient unconscious not responding 84",2
"oxygen low hai patient unconscious 0 147",2
"no mjor 25",0
"seene mein hlaka dard",1
"mild shortness of breath",1
"chhakkar aur",1
"severe chest tightness cannot breathe emergency 29",2
"saans ki nali band ho rahi hai",2
"thodi difficult ho rahi",1
"minnor issue hai koi badi baat nahi",0
"mild sa ho raha hai",0
"thakaan ho rahi hai",0
"shorttness of breath",1
"breathing problm",1
"breathing problm mild",1
"chhait dab rrahi hai saans nahi",2
"ffever with",1
"severe chest tightness cannot breathe emergency 93",2
"slight ffvr",0
"light breathing 41",1
"normmal cold cough 9",0
"seene itna dard ki hilna mushkil",2
"chhati mein bahut tez dard saans nahi",2
"sans lene mein thodi problem",1
"mild sa heaadceh ho raha hai",0
"high feveern o cough",1
"tez bukhaar hai",1
"genra lweankess",0
"uthh nahii raha oxygen gira hua hai",2
"pateint unconscious oxgyn low",2
"severe chest tightness cannot breathe emergency",2
"chti me drd sns nhi rhi",2
"heart  attack symptoms severe chest pain 106",2
"bukhaar 3 din se",1
"generel weakness 61",0
"patient collapsed pulse 76",2
"mild headcahe",0
"chst crushng pain",2
"light bbrething problem",1
"dizziness feel ho raha hai 93",1
"mild hedaache",0
"behosh ho gy pulse high",2
"spo2 drop ho raha haii issue",2
"mild fever without cold",0
"bukhaar hai pr  khannsi nahi",1
"low fever stable 10",0
"oxygne level gir raha hai 42",2
"ebhoosh ho gaya pulse high",2
"bukhaar hiigh fever",1
"patient unconscious not responding",2
"severe chest tightness breathe",2
"oxygen mask chahiye patient unconscious",2
"slight stable",0
"routine checkup",0
"fever without cold 2 din se",1
"h",0
"slight fever stable",0
"slight fever stable",0
"low fever  no cough no cold",0
"htakaan ho hai",0
"thodi si fatigue",0
"dizziness feel ho rraha hai 145",1
"high fever with body ache",1
"fever without cold 2 din se",1
"mil dcchest tightness feel ho rahi hai",1
"normall cold cough",0
"light brething proobleem",1
"can tbreth at all",2
"not breathing properly",2
"oxygn low patint unconscous 1100",2
"bukhaar high fever",1
"palpitatiions mild",1
"cchest discomfrt",1
"saans lena imposssible ho raha hai",2
"normol cold cough",0
"mild sa headache hoo raha hai 136",0
"htodi si fatigue",0
"fever 1011",1
"behosh ho gaye hain",2
"bukhaar hai khansi nahi",1
"emergnecy unconscious aptient",2
"bukhar tez h nhi",1
"slight cold hai 3",0
"dizzyness weakness",1
"chhati dab rahi hai saans nahi",2
"puls vry hhg unconsious 113",2
"chst pin brething problm",2
"patient collapsed pulse weak",2
"patientt collapsed 106",2
"normall cold cough",0
"mild nausea",0
"mild shortness of breath",1
"mild fever no cold",0
"chest pin brethingp roblem 24",2
"neend nahi aa rahi",0
"oxygen level criitical",2
"pso2 low brething issue",2
"nd wwekness",1
"chst crushng pain 105",2
"bhoohk kam lag hai",0
"mild sa bukhar h stable h 138",0
"cehst tighttness mild",1
"halka bbukha rh",0
"kamzori lag rahi ahi",0
"normol cold cough",0
"critcall",2
"discomfort mild",1
"3din se bukhaar nahi ja raha",1
"hosh nahi aa rhaa pulse zyyada",2
"mminor body ache 81",0
"sirf halka bukhaar hai cold nahi",0
"uplse very high aur behosh hain",2
"chtti me drd sns nhi rhi",2
"fvr 102 body pin 91",1
"modrte chest ppain",1
"mmild sa headache ho raha hai 34",0
"pulse bahut fast behosh hain",2
"thoda sar dard h",0
"seene mein thoodi jalan",1
"bhookh kam lag rahi hai",0
"no complaints",0
"thoda fever hai stable hai",0
"no major problem hai",0
"severe chest tightness cannot breathe",2
"persistnt headache fever 15 45",1
"oyxgn low patint unconscous 23",2
"saans lene meint hodi taklif 102",1
"bukhaar hai khansi nahi",1
"no complaints",0
"chest pain itna severe hai emerrgency call karo",2
"chest pin brething problem 143",2
"bukhaar 101 dard",1
"hsoh nahi aa raha pulse zyada",2
"bukhaar bahut hai 72",1
"gneeral",0
"halki zukam hai 145",0
"mujhe bukhaar h khansi nhi h",1
"behosh pade hain pulse nahi aa raha",2
"bukhhaar hai pr khansi nahi",1
"bukhaar 102 nahi",1
"emergency hai patient ho gaya 52",2
"bukhr hgh 104",1
"spo2  below 90 emergency 139",2
"palpitations mild",1
"brething problem",2
"generl wekness",0
"chest discomfort ho raha hai 53",1
"low fever no cough no cold",0
"fevr 103 body ach 1115",1
"oxygen bhaut kam hai 19",2
"oxygen low ptient uncosncioous",2
"chest mein mild pain hai",1
"minor upset",0
"fver without cold",1
"slight no fever",0
"fever 103 no other symptoms 80",1
"chest ppain breathing",2
"sir mein halka dard",0
"behosh ho gaya pulse bahut high",2
"fever hai but cold nahi 3 days se",1
"oxygen level pe hai 78",2
"mield headache",0
"genrl wekness 91",0
"palptatons mildd",1
"breathing thodi diifficult ho rahi hai",1
"chest pin problem 59",2
"feverh igh hai body pain bhi 77",1
"fever hai stable",0
"heart attack symptoms severe chest pain",2
"sligt feevr",0
"bukhaar hai khansi nahi",1
"fvr high noc ld",1
"thodi khansi hia 38",0
"slight cold hai",0
"mild hedche",0
"halka bukhaar hai",0
"low grade fveer",0
"pulse very high unconscious",2
"baat nahi kar pa raha oxygen low 9",2
"idstrss sevr",2
"hgh fever n ocld 46",1
"sspo2 drpping emergeny",2
"dizziness and weaknesss 38",1
"sans thodi mushkil hai",1
"halka bbukhaar hai",0
"feverr",1
"bukhaar din se hai 88",1
"mild shoortnes of breath",1
"generl wekness",0
"bukkhr hggh fever",1
"moderate fever  with chills",1
"high with body ache 65",1
"no  mjor isseu",0
"oxygen mask chahiye patient unconscious 58",2
"halka bukhaar hai",0
"oxygen chahiye jaldi",2
"sligt fever",0
"saans nahi aa rahi hai",2
"geenral weakness",0
"high efver no couggh",1
"no commplaitns",0
"uthh nahi pa raha oxygen gira hua hai 31",2
"no majro problem hai",0
"neeend nahi  aa rahi",0
"bukhaar 103 koi aur nahi",1
"thoodi kamzoir",0
"mild chst pani",1
"lowf ever stable",0
"sevrc hst tghtnes cant breathe 128",2
"general weakness feel ho rahii hai",0
"chest tightness cannot emergency",2
"dizzienss feel ho raha hai",1
"saans rukne hai",2
"chest pain breathing probleem 69",2
"oxygen bahut kam hai",2
"sans thodi mushkil hai",1
"respiratory distress severe",2
"mild chst pain",1
"general weakness",0
"severe breathlessness cannot speak",2
"bukhaar body pain no cough noc old",1
"persistent fever 3 ddays",1
"respiratory distress severe 77",2
"fvr1 02 body pin",1
"slight fatigue",0
"normall cold",0
"badan bahut dardh ai bukhaar ke saath",1
"thodi si fatigue",0
"small cut minor injury",0
"oxygen bahut kam",2
"oxygen mask chahiye patient unconscious",2
"pet thoda dard 109",0
"halki fever haai sard inahi",0
"sanns thodii mushkil hai",1
"behosh ho gaya pulse high",2
"mild fever no cold",0
"chest pai nradiating arm",2
"patientu nconscious not  responding",2
"patient hosh mein nahi hai 132",2
"miild nausea 96",0
"minors tomach upset",0
"fever 102 no cold just waekness 63",1
"chhoti si chot lagi 107",0
"mild sa buukhar h stable h",0
"unresponsive low",2
"aur kamzori",1
"chst tightnss mild",1
"saans bilkul aa rahi emergency hai",2
"fvre without cold",1
"thodi khansi hai",0
"pet thoda kharab hai",0
"tez bukhaar aur badan dard",1
"fever without cold 3 days",1
"fever  101 headache",1
"badan mein bahut dard hai bukhaar ke saath",1
"ahlka sa body achhe",0
"mild shortnes off breath",1
"mildc hst pain",1
"routine checkup",0
"thodi si fatigue",0
"xoygen level gir rah ahai",2
"cold cough",0
"ssaans bilkul nahi aa rahi emerggency hai",2
"hedche",0
"hg hfever no cld",1
"mild fever no",0
"sirf halka bukhaar hai cold nahi 68",0
"severe breathlessness patient baat nahi kar pa raha",2
"seene meind iscomfort",1
"sevr chst tghtnes cant breathe",2
"general weakness feel ho rahi hai",0
"oxygen mask chahiey patient unconscious 78",2
"oxgyn critcal",2
"isrf halka bukhaar hai cold nahi 143",0
"chest pain",1
"mild heeadche 23",0
"halki khasi hai",0
"slight fevr stable 125",0
"chaati me dard saans nahi aa rahi 75",2
"mein bahut tez dard saans nahi",2
"oxygen level gir hai",2
"persistnt headache fever",1
"zyada hai",1
"mild fever no 118",0
"codl cough",0
"pullse bahut fast hai  behosh hain",2
"chti me drd sns nhi rhi 33",2
"bukhaar nahi bas kmazori",0
"tighntess mild",1
"pin brething problm",2
"fvr 101 headach 133",1
"chest mein midl pain hai",1
"patient not breathing properly",2
"fever with",1
"fever 102 no cough just body pain",1
"tez bukhaar bina ssardi ke 66",1
"mild sore throat",0
"bukhr high fever",1
"halki fever haai sardi nahi",0
"mlid sore throat 123",0
"sevvr chest pain cant mov",2
"cehst paini tna severe hai emergency call karo",2
"patient baat nahi kar pa raha oxygen low",2
"saans len aimpossible ho raha hai 84",2
"pulseb ahut fast hai behosh hain",2
"no complaints",0
"mild nausea",0
"chhatim ein dard",1
"sirf halka bukhaar cold nahi",0
"emergency uncosncious patient",2
"seene mein halka dard 92 19",1
"high fever without cold symptoms 98",1
"bukhara hai  pr khansi nahi",1
"chst crushng pain",2
"lowf no cough no cold",0
"mild breathlessness on exertion",1
"fever with body pain no cold",1
"halka bukhaarh ai",0
"oxygen dropping raapidly",2
"bukhaar ke saath ulti",1
"spo2 breathing issue 41",2
"thodda sar dard h",0
"halka bukhar h",0
"minor 141",0
"seveer chest pain hai saans nahi aa rahi",2
"bukhaar high fever",1
"high fever body ache",1
"bukhaar body pain no cough no cold 129",1
"light brething",1
"bohot tez dard saans ruktee ja rahi 98",2
"pulse bahut fast hai behosh hhain",2
"severe chest tightness cannot breathe",2
"oxygen level gir raha hai",2
"severe chest tightness cannot braethe",2
"halka bukhaar hai 47",0
"mild breathlesness",1
"sar dadr h",0
"saans nahi aa haii",2
"thoda fever ha istaable hai",0
"tez bukhaar hai zukam nahi",1
"severe breathlessness patient baat nahhi kar raha",2
"mild hddeche",0
"no complaints",0
"saans lena impossible ho raha hai 82",2
"low graed fever 1",0
"routine haii",0
"miled headache",0
"chest pain cannot move",2
"oxygen maskc hahiye jalldi",2
"mujhe bukhaar h khansi nnhi h 67",1
"chest pain itna severe hai emergency call karo 83",2
"severe chest pain cannot move 60",2
"sirff zukam hai bukhaar nahi 19",0
"no major problem hai",0
"oxygen mask chahiye jaldi",2
"bukhaarh hai pr khansi nahi",1
"spo2 drpping emergeny 64",2
"onrmol cold cough",0
"chhati mein crushing dard",2
"thodi khansi hai",0
"thoda bukhaar hai nahi",0
"dizziness nd wekness 33",1
"bbehosh gaya pulse high",2
"respiratory distress severe",2
"fever 102 aur body meni dard",1
"slight fever",0
"nom ajor problem hai 104",0
"patient not breathing properly",2
"seene mein discomfort",1
"normol coldc ough 62",0
"routiiine problem hai",0
"mujhe bukhaar h khansi nhi h 7 68",1
"spo2 80 se neeche gaya emergency",2
"persistent fever 3 days",1
"sirf halka bukhaar hai cold nahi",0
"behosh ho gaye hain",2
"thdoa fever stable hai",0
"body pain no cough cold",1
"tez bukhaar  aur badan dard",1
"seene mein discomfort",1
"chhati mein crushing dard",2
"critical condition hai low",2
"light breathing problem",1
"no mjor issue",0
"fevr 103  body ach",1
"chst pin brething problm",2
"pulse very high unconsciious 134",2
"spo2 low breething issue 65",2
"slight runnyn",0
"oxgyn patint unconscous",2
"saans wali hai",2
"light problem 0",1
"slight cough no fever",0
"bukhaar fever",1
"pulse bahut fast hai behossh hain",2
"sligth fevr stable",0
"cannot breathe at all",2
"severe chest pain cannot move",2
"high fvr bina khansi ke",1
"behosh ho gya pulse  hgh",2
"thodi kamzori 15",0
"nom ajor issue",0
"normall cuogh",0
"chst pin brething prbolm",2
"minor body",0
"higgh fever no cold",1
"severe chest pian cannot move",2
"slight cold hai 60",0
"neend nahi aa rahhi",0
"cold hai 69",0
"spo2 low breathing",2
"no complaints",0
"bukhaar hai pr khansi nahi",1
"mild fever without cold",0
"sslight runny nose",0
"no maj rissue 142",0
"bukhaar ke saath ulti 9",1
"unresponsive loww",2
"slight ocld hai",0
"saans lena impossible ho raha hai",2
"slight fvr 15",0
"small cut minor injjury",0
"chhoti si chotl agi",0
"saans rukne wali hai 34",2
"pin brethinng problem",2
"lighth cold",0
"chest mein mild pain hai",1
"persistent 3 days 27",1
"patient responnd nahi kar raha oxygen low 11",2
"normol cold coough 92",0
"breathing thodi dddifficult ho rahi hai",1
"hosh nahi aa raha pulse zyada 146",2
"sirf zukam hai bukhaar nahi",0
"persistent headache with fever",1
"respiratory severe 3",2
"saans nahi le pa rahe hain",2
"crushing pain ho rahi hai 69",2
"dizzyness weeakness 133",1
"general weakness feel hho rahi hai 140",0
"halka bukhaaar haii",0
"lene mein thodi",1
"high fever no cough",1
"normal cold cough 99",0
"no majr issue 127",0
"mild chst pain",1
"oxygen dropping rapidly",2
"slight fvr 82",0
"oxgyn critcal 147",2
"high fever no cold 126",1
"critical condition hai oxygen llow",2
"midl headache 19",0
"cold cough",0
"bukhaar bahut zyada hai",1
"oxygen gir raha hai patient unnconscious hai",2
"mild haedcahe",0
"dizziness nd",1
"sans lene mein thodi problem",1
"emergency hai patient collapse gaya 22",2
"miled headache",0
"oxygen low hai patient unconscious",2
"allegry",0
"mujhe khansi nhi h",1
"milld hedceh",0
"fever high hai body pain bhi",1
"cold cough",0
"chest mein bahut tez dard saans ruk rahi",2
"sir meiin halka dard",0
"dizziness feel ho raha hai",1
"moderate fever with chills",1
"moderate chest pain 56",1
"severe breathlessness patient baat nahi kar pa raha",2
"generrel weakness 45",0
"patient collapse ho gaya 142 78",2
"ho gy pulse highh",2
"fever 102 aur body mein dard",1
"slight no fever",0
"patient collapse hoo gaya 105",2
"emergeency hai patient collapse ho gaya",2
"tez bukhaar aur baadan dard 3",1
"bahut fast hai behosh hain",2
"oxygn low patint unconscous 34 108",2
"dizziness  feel oh raha hai",1
"halka sa body",0
"continuos fever",1
"thoda sa sir dard",0
"patient collapsed pulse weak 109",2
"chestt pin brething problem 24",2
"fever  101 headache",1
"sevr chst tightness",2
"bukhaar 3 din se hai",1
"general feel ho rahi hai",0
"norml col dcouhg",0
"minor allergy",0
"minor stomcah upset",0
"chhati mein crsuhing dard 113",2
"pni brething problem",2
"thoda sar dard h",0
"kkamzori lag rahi hai",0
"mild fever without cold",0
"bohot tez dard saans ruktee ja rahi",2
"chti m edrd sns nhi rhi 19",2
"uthh nahi pa raha oxygen hua hai",2
"chakkar aa rahe hain  66",1
"general weakness",0
"high temperature bodyp ain",1
"behosh pade hain pulse nahi aa raha 79",2
"halki khasi hai",0
"severe breathlessness patient baat nahi kar pa raha",2
"mein haalka dard",0
"bahut zyaada bukhaar hai",1
"slightlyy difficult",1
"chhati mei nhalka dard",1
"bukhaar body pain no cough no cold",1
"mildh edche",0
"sliight fvr",0
"fevr 103 body ach",1
"mild sa bukhhar h stable h 72",0
"generl wekness",0
"cannot breathe at all 109",2
"oxygen mask chahiye patient unconscious",2
"mild chst pain",1
"attcak symptoms severe chest pain",2
"chati mein dard sans anhi rahi",2
"chhoti si laagi",0
"badan garm hai khansi nahi",1
"bukhaar bahut zyada hai",1
"thodi si fatigue",0
"slight fevr stable 35",0
"oxyggen low  hai patient unconscious",2
"patient hosh mein nahi hai",2
"halki saans ki taklif",1
"bukhr high fever",1
"bukhaar nahi bas kamzori",0
"mild shortness of breath",1
"puls vry hgh unconsious",2
"halka sa body ache",0
"fvr 102 body pin",1
"modrte chest pain",1
"pulse very high aur behosh hain 21",2
"chhati mein bahut tez dard saans nahi",2
"chst tightnss",1
"bukhaar1 01 sir dard 102",1
"severe chest tightness cannot breathhe emergency",2
"no 139",0
"chest pain breathing problem",2
"severe chest pain cannot move",2
"chest crushing pain ho rahi hai",2
"cannot breathe aat all",2
"behosh ho gaya pulse high",2
"halka bukhar h",0
"halka bukhaar hai",0
"pet mein thoda dard",0
"pateint unconscious oxgyn low",2
"minor stomach upset",0
"mild hedache",0
"behosh ho gaye hain 67",2
"srif halka bukhaar hai cold nahi 10",0
"general weakness feel hai",0
"patien tcolllapsed",2
"breathing mlid",1
"and weankess",1
"svver breathlesness",2
"unresponsive low oxygen",2
"chhoti si chot lagi",0
"slght fever stable",0
"no mjor",0
"feel ho raha haai",1
"no majr issue",0
"behosh ho gy pulse high",2
"patient collapsee ho gaya",2
"discomfort",1
"oxygn low patintu nconscous 75",2
"fever 103 no other symptoms 114",1
"chest mild pain hai 81",1
"severee chest pain cannot move 148",2
"critical condition hai oxygen low",2
"seene mein itna dard ki hilna mushkil",2
"minor body acheee",0
"patient collapse ho gaya 47 74",2
"halki zukam hai",0
"bukhaar bahut zyada hai",1
"seene mein dard ki hilna mushkil",2
"routine problem hai",0
"patient pulse weak 41",2
"fever 101 headache",1
"normol cold cough 100",0
"persistent with fever",1
"bukhaar 101 sir 80",1
"slight cough no  fever",0
"behosh ho gaya pulse high",2
"minor allergy",0
"saanns nahi aa rrahi hai",2
"patient collapsed pulse weak",2
"fvrr 101 headach",1
"behosh ho gaye hain 1133",2
"thoda sa sir dard",0
"puls vry hgh unconsious",2
"chest discomfort mild",1
"ho gaye hain 41",2
"normall cold cough",0
"mild sa bukhar h stable h",0
"neend nahi aa rahi",0
"bukhr high feevver",1
"normall zukam",0
"cold cough",0
"sir mein halka dard",0
"sirf halka ubkhaar hai cold nhai",0
"oxygen critical level pe hai",2
"dizziness nd wekness",1
"thoda sar dard h",0
"hcst tightness",2
"seene mein discomfort",1
"chest mein bahut tez dard saans ruk rahi",2
"critical breathing failure 133",2
"cant breth at all",2
"severe chest cannot move",2
"bukhaar bahut zyada hai",1
"chest tightness mild",1
"thakaan ho rahi hai",0
"normal",0
"breathing thodi difficult ho rahi hai",1
"halki zukam hai",0
"mild chst pain 121",1
"mmild",0
"severe chest pain cannot move",2
"chest mein bahut tez dard saans ruk rahi",2
"patient respond nahi kar rraha oxygen low",2
"emergency hai patient collapseh o gyaa",2
"sevr chst tightness",2
"bahut bukhaar hai",1
"patient unconscious not responding",2
"fever hai but  cold nahi 3 days se",1
"chakkaar aa rrahe hain",1
"patient collapsed 20 140",2
"oxygen droppinng rapidly",2
"chhati mein crushing dard",2
"chaati me dard saans nah iaa rahi 42",2
"fvr  120 body pin",1
"fever 102a ur body mein dard",1
"chhati dab rahi hai saans nahi 87 114",2
"chhati dabb rahi hai saans nahi 109",2
"thodi akmmzori",0
"drpping emergeny",2
"genera lweakness",0
"chst  pin brething problm",2
"normal ccold",0
"ssligt",0
"seene mein itna adrd ki hilna mushkil 133",2
"efver 102 boyd pain",1
"slight runny  nose",0
"sir mein halka  dard",0
"persistnt headache fever",1
"genral weeakness",0
"low fever no cough no cold",0
"fever hai bbu tcold nahi 3 days se",1
"fvr high n ocld",1
"high fever no cough",1
"mild fever without cold",0
"low brething issue",2
"fever without cold 2 din se",1
"bukhr hiigh fever 49",1
"halk ikhasi hai",0
"stomach upset",0
"spo2 low breathing issue",2
"chest pain itna seevre hai emergency call karo",2
"no major problem hia",0
"3 din bukhaar nahi  ja raha",1
"fever 102 body pain",1
"allergy 35",0
"3 dni se bukhaar nahi ja raha 100",1
"emergency hai patient collllapse ho gaya",2
"sans lene mein dikkat ho rahi hai",1
"modrte chest pain",1
"102 body pin 20",1
"spo2 low brething",2
"behosh pade hain pulse nahi aa raha 5",2
"alllergy",0
"fvr 101 headahc 90",1
"mmlid headche",0
"chest crushing pain radiating arm",2
"bukhr hgh feverr",1
"dizziness feel ho raha hai",1
"patient hosh mein nahi",2
"low patient unconscious",2
"respratry distrss sevr",2
"mild heeadche",0
"severe chest tightness cannot breathe emergency",2
"light coold",0
"breathing thodid ifficult ho rahi hai",1
"bukhaar ke saath ulti 13",1
"chati mein dard sans nahi aa rahi",2
"attack symptoms severe chest pain",2
"spo2 80 se neeche gaya emergency 17",2
"bhookh kam lag rahi",0
"small cut minori njury",0
"oxygen critical",2
"cchakkar aa rahee hain",1
"norml cold cough 112",0
"minor stoomach upset",0
"pet thoda dard",0
"fvr hihg no cld",1
"chest crushing pain radiating arm",2
"spo2 below 90 emergency",2
"mild sa headache oh raha hai",0
"emergency hai patient collapse ho gaya",2
"patient unconscious not responding",2
"normall cold cough 14",0
"severe breathlessness patient baat nahi kar pa raha",2
"3 din se bukhaar nahi ja raha",1
"critical level pe hai",2
"no mjor issue",0
"fvr 102 body pin",1
"oxygn loow patint unconscous",2
"bukhr high fever",1
"slight fatigue",0
"101 headache 100",1
"weakness",1
"bukhaar 102 khannsi nahi",1
"seene mein itna dard ki hillna mushkil",2
"low fever no cough no cold",0
"low grade fever  32",0
"bukhaar ke saath ulti",1
"patient not breathing properly",2
"slight runny nose",0
"aa raheh ain",1
"chest mild",1
"mild chst paiin",1
"thoda bukhaar hai khansi nahi",0
"mild sa bukhar h stable h 44",0
"spo2 drop ho raha ha ibreathing issue 44",2
"oxygen leveel gir rahah ai",2
"halki zukam hai",0
"diizziness nnd wekness",1
"3 din se bukhaar nahi ja raha",1
"sirf zukam hia bukhaar nahi",0
"chhati halka dard",1
"chest crushing pain radiating arm",2
"routine problem hai 11",0
"chst pin brething problm",2
"patient unconscious not responding 92 119",2
"oxygen low hai patient unconscious",2
"hakla bukhar h",0
"bohot tez dard saans ruuktee ja rahi",2
"pulse very high aur behosh hain",2
"no mojr issuee",0
"sans thodi hai",1
"critical breathingg faiilure",2
"saans bilkul nahi aa rahi emerggency hai 60",2
"mild chst pain",1
"high fever no cold",1
"allergy 93",0
"mmodrte chest pain",1
"saans bilkul nahi aa rahi emergency hai",2
"mild fever no cold",0
"seene mein discommfort",1
"wekness",0
"respiratory  distress",2
"minor alelrgy",0
"weakness",0
"uthh nahi pa raha oxygen gira hua hai",2
"critical breathing failure",2
"spo2 low brething isue 104",2
"saans ki nali band ho rahi hai 68",2
"fever wihtout cold 3 days",1
"bukhaar high fever",1
"behosh ho gy pulse high",2
"patient baat nahi kar pa raha oxygen low",2
"behosh pade hain pulse nahi aa raha 148",2
"fever 101 headache 58",1
"sirf bukhaar hai cold bilkul nahi",1
"thodi si fatiggue",0
"saans ki nali band ho rahi hai",2
"tightness mild 135",1
"oxygen bahut kam hai",2
"pso2 low brething isue 31",2
"mil dshortnes of",1
"generel weaakness",0
"respratry distrss sevr",2
"sevr breathlesness 18",2
"tez bukhaar bina sardi ke",1
"tez bukhaar aur bada ndard",1
"slight cold hai 28 108",0
"tez bukhaar sardi nahi 137",1
"oxygen mask chahiyepa tient unconscious",2
"low fever no cough no ocld 80",0
"bukhaar 33 din se haai",1
"breathing failure",2
"patient not breathing properly 39",2
"small cut mino rinjury",0
"dizziness feel ho raha hai",1
"normall clod cough",0
"hosh nahi aa raha pulse zyada",2
"mild hheadche 62",0
"mujhe tez bukhaar hai cold hai 122",1
"breathing thoodi difficult ho rahi hai 67",1
"continuous fever since 2 days",1
"geenrl",0
"patient collapsed",2
"generell",0
"emergency hai patient colllapse ho",2
"patient hosh mein nahi hai",2
"fever 101 no runny nose",1
"chest mmein mild pain hai",1
"sir meni halka darrd",0
"tez bukhaar bina ke",1
"fever hai but cold nahi 3 days se",1
"serv chest pain cant mov",2
"cchaati me dard saans nahi rahi",2
"miiled headache",0
"high fvr bina ke",1
"patient unconscious not responding",2
"pulse veryy high aur behosh hain",2
"bukhaar high fever",1
"sir mein halka",0
"hosh nahi aa raha pulse zyada",2
"bukhaar ke saath ulti",1
"low grade fever 91",0
"breathing problm mild",1
"severe chestt pain haii saans nahi aa rahi",2
"slight ffvr",0
"thodi si fatigue 63",0
"sevr cchst tghtnees cant breathe",2
"modrte chest pain",1
"cant breth at all",2
"thakaan ho rahi hai",0
"cchest mien bahut tez dard saans ruk rahi",2
"moderate chest pain",1
"no complaints",0
"sar dard h",0
"perrsistnt headache fever",1
"dizzienss and weakness ho rahi hai",1
"chest discomfrt",1
"tahkaan ho rahi hai 89",0
"bukhaar hgh fever",1
"thakaan ho rah ihai",0
"sevr chst tightnses 58",2
"slight fever stable",0
"high temperature body pain",1
"oxygen gir raha hai patient unconscious hai 116 74",2
"patient hosh mein nahi hai",2
"vry hgh unconsious 146",2
"oxygn low patint unconscous",2
"fever 101 headache",1
"no complainnts",0
"tez bukhaar bina sradi ke",1
"fever without cold 2 din se 6",1
"light cold 124 41",0
"mild breathlessness on exertion",1
"spo2 below 90 eemergency",2
"mildd hedaache",0
"patient respond nahi kar raha oxygen low",2
"fever without cold 2 idn se",1
"mild fever without cold",0
"bhookh kam lag rahi hai",0
"genreal weakness",0
"sligt 16",0
"chhati mein bahut tez dard saanns nahi",2
"fever high hai body pain bhi",1
"chti me drd sns nhi rhi",2
"generel weakness",0
"normal zukam 138",0
"mild headche",0
"sirf zukam hai bukhaar nahi",0
"hedaache",0
"chest pin brething problem",2
"mild hedache",0
"halka bukhaar hai",0
"pet thodaa dard",0
"chest crushing pain radiating arm",2
"bhookh kma lag rahi hai 104",0
"hai khansi nahi 45",1
"neend anhi aa rahi 50",0
"geneerl wekness",0
"sirf bukhaar hai cold bilkul 80",1
"continuous fever since 2 days",1
"mild sa headache ho raha hai 12",0
"feverr without cold 2 din se",1
"bhookh kam lag raih hai",0
"uthh nahi pa raha oxygen girah ua hai",2
"sligt feveer",0
"low grade fever",0
"cold cough 109",0
"sligt fever",0
"high temperature body",1
"bukhaar body pain no cough no cold 32",1
"kamzori rahi hai",0
"saans nahil e pa rahe  hain",2
"dizziness and weakness",1
"mild nausea",0
"cant bretha t all",2
"oxygen critical level hai 63",2
"chst tightnss midl 97",1
"severe breathlessness patient baat nahi kar pa raha",2
"saans ki nali band ho rahi hai 145 42",2
"allergy",0
"heart attack severe chest pain 87",2
"thodaa weaakness hai",0
"continuous fever 2 days",1
"mild heddaaceh",0
"chhaati dab rahi hai saans nahi",2
"halka bukhar h 46",0
"spo2 below 90 emergency",2
"oxygn low patint",2
"bukhaar zukam nahi",1
"puls vry hgh unconsiouss 110",2
"nahi aa rahi hai",2
"light colld",0
"oxygen low ptient unconscious",2
"norml cold 126",0
"cant breth at all",2
"oxygen dropping rapidly",2
"moderate chest pain",1
"normall cold cough 43",0
"oxygen bahhtu kam hai",2
"slight cold 60",0
"thakaan rahi hai",0
"tez bukhaar hai zukam nahi",1
"bbukhr fever",1
"general weakkness",0
"severe chest tightness cannot breathe",2
"sirf bukhaar ahi cold bilkul nahi",1
"fever without cold 3 days",1
"thoda sa sir  dard",0
"fever 102 no cough just body pain 119",1
"no mjar",0
"bukhr high fever",1
"oxygen low ptient unconscious",2
"saans ki nali band ho rahi hai",2
"mein halka dard",1
"major issue",0
"no ccomplaintss",0
"fvr hig hno cld",1
"chest pain breathing problem",2
"critical failure 145",2
"headache",0
"behosh ho gaya pulse high 17 24",2
"high fever no cold 141",1
"emergency hai patient collapse gaya",2
"behosh ho pulse high 121",2
"thodi kamzori",0
"fever 102 body pain",1
"minor issue hai koi badi baat nahi",0
"mil dfever  no cold",0
"fever hai but cold nahi 3 days se",1
"fvr 012 body pin 1",1
"fever 101  headache",1
"oxygen low ptient unconscious 57",2
"seene meiin discomfort",1
"fever high hai body pain bhi",1
"fever withotu col d2 din se",1
"thoda bukhaar hai khansi nahi 75",0
"bohot tez saans ruktee ja rahi 127",2
"patient nahi kar pa raha oxygen low",2
"oxygen leevl gir raha hai 117",2
"tez bukhaar bina sardi ke",1
"sirf halka bukhaar hai cold",0
"bahut zyada bukhaar hai",1
"patient not rbeathing",2
"behosh ho gaya pulse high 139",2
"chst brething problm",2
"chest pain breathing problem",2
"continuous fever since 2 days",1
"te zbukhaar hhai zukam nahi",1
"sans thodi hai",1
"3 din se bukhaar nahi jja raha 47",1
"severe chest pain cannot move 117",2
"oxygen gir raha hai patient unconscious hai",2
"ahlki hai",0
"patient hosh mein nahi hai",2
"bahhut zyada hai",1
"slight fatigue",0
"mild sore throat",0
"bukhaar ke saath ulti",1
"mild headache",0
"light breathing problem",1
"sspo2 low brething issue",2
"oxygen level criticall",2
"halka body ache 83",0
"sans lene dikkat ho rahi hai",1
"bukhaar 103 koi aur symptom nahi",1
"mild sa bukhar h stable h",0
"palpitations",1
"bukhaar 102 hkansi nnahi",1
"oxygen level gir raha hai",2
"badan garm hai khansi 87",1
"mild sa headache ho raha hai 0",0
"hosh nahi aa raah pulse zyada",2
"halki zukam hai",0
"minor allergy",0
"persistnt headache fever",1
"slight fevr stable",0
"saans ki nali band ho rahi hai 49",2
"slight cold hai",0
"sirf halk abukhaar hai cold",0
"dizziness and weakness 121",1
"hosh nahi aa raha pulse zyada",2
"mujjhe tez bukhaar hai cold nahi hai",1
"complaints",0
"tez bukkhaar aur badan dard",1
"modrte chest",1
"no majr issue",0
"lsght fever stable",0
"dziziness and",1
"severe breathlessness cannot speak 58",2
"small cut minor injury 17",0
"chhoti si chot lagii",0
"severe breathlessness patiennt baat nahi kar pa raha",2
"chest pain",1
"csht mild",1
"no mmjor issue",0
"bukhaar nahi bas",0
"small cut minor injury 126",0
"critical breathing",2
"102 ffever no cold",1
"pulse very high aur behosh",2
"high no cld",1
"high fever with body ache 7",1
"collapse ho gaya",2
"mild heedche 30",0
"sir mein haalak dard",0
"tez bukhaar aur badan dard",1
"mujhe tez bukhaar hai cold hai 44",1
"slgiht cough no fever 144",0
"pulse very high unconscious",2
"bukhaar hai khansi nahi",1
"behosh hoo gya pulse hgh 27",2
"chakkar aa rahe hain",1
"no problem hai",0
"sevrr",2
"breathing slightly difficult",1
"persistent fever 3 days 6",1
"mild fever no cold 10",0
"patient hosh nahi hai",2
"chhati rahi hai asans nahi",2
"behosh ho gy pulse high",2
"saans lena impossible ho raha hai",2
"chest breathing problem 78",2
"pateint unconscious oxgyn low",2
"badan garm hai khnasi nahi",1
"mild nnausea",0
"behosh ho gy pulsee high",2
"saan slene mein thodi taklif",1
"patient baat nahi kar pa raha oxygen low",2
"behosh ho gya pulse hgh",2
"midl hedache",0
"mild chest tightness feel ho rahi hai",1
"oxygen leve",2
"thoda weakness hai",0
"normool cold cough",0
"spo2 drop ho raha hai breathing issue",2
"sirf halka bukhaar hai cold nahi",0
"and wekaness",1
"genneral weakness feel ho rahi hai",0
"emergenyc unconscious patient 146",2
"fever no cough just body pain 7",1
"behosh pade hain saans mushkil se aa rahi",2
"oxgyn critcal",2
"tez bukhaar bina sardi ke 62 30",1
"pulse veyr high unconscious",2
"3 se bukhaar nahi  ja raha",1
"patiient respond nahi kar raha oxygen low",2
"mild shortness of breatth",1
"sligght fever stable",0
"small cut minor injury 67",0
"sligt fever",0
"hosh mein nahi hai",2
"chst crushng pain 116 16",2
"miild",0
"continuous fever since 2 days 27",1
"pet thoda kharab hai",0
"cnat breth at  all",2
"mild  shortness of breath",1
"oxygn critcl",2
"ssaans ki nali band ho rahi hai",2
"chakkar aa rahe hain",1
"slight ffever stable",0
"saans bilkul nahi aa rahi emergency hai",2
"severe breathlessness ptaient baat nahi kar pa raha",2
"mild sore throat",0
"moderate chest pain",1
"fver",1
"oxygn low patint unconscous 129",2
"slight stable",0
"saans rukne waali hai",2
"thakaan ho rahi hai",0
"mild hedaache",0
"very high unconscious 89",2
"general weakness feel ho rahi hai",0
"sevr breathlesnesss",2
"fever high hai body pain bhi 80",1
"thodi khnasi hhai",0
"bukhaar ke saath ulti",1
"fever with body pai nno cold",1
"tez bukhaar zukam nahi",1
"oxygen low pttient unconscious",2
"sans htodi mushkiil hai",1
"sans thodi mushkil hai",1
"hosh nahi aa raha pulse zyada 22",2
"bukhaar 102 khansi nahi",1
"slight fatigue 80 130",0
"mild sore thorat 119",0
"low fever stable",0
"low fever stable",0
"bohot tez dard saans ruktee ja rahi",2
"no major problem hai",0
"chhati mein halka dard",1
"continuous fever since 2 days",1
"low oxyygen",2
"sans thodi mushkil hai",1
"slight fatigue",0
"persistnt headache fever",1
"behosh ho gy apulse hhgh",2
"fever with vomiting",1
"patient breathing properly",2
"oxygen dropping rapidly",2
"bukhar tez h",1
"low fever no cough no cold 64",0
"dizzinesss weakness",1
"mild fever without cold",0
"neend nahi aa rahi",0
"chest discomfrot ho raha hai",1
"slight runny nose",0
"patient collapsed pulse weak",2
"bukhaar bahut zyada haai",1
"thoda bukhaar hai nahi",0
"ptaient collapsed",2
"oxyng level critcl 81",2
"dizzynesss weaknesss",1
"cannot breathe at all",2
"oxygn level critcl",2
"oxygen criticall leevl pe hai",2
"bukhaar 101 sir dard 116 130",1
"generl wwekness 46",0
"mild shortness of breath",1
"slight fatiguee",0
"au rkamzori",1
"hai sardi nahi",0
"generl wekness 130",0
"behoshh ho gaye hain",2
"severe breathlessness patient baat nahi kar pa raha 72",2
"pulse bahut fast hai behosh hain",2
"chest mein mild pain hai 12 96",1
"kamzori llag rahi hai",0
"chest pin brething problem",2
"mild sa bukhar stable h 70",0
"thoda sa  sir adrd",0
"fvr high clld",1
"zukkam",0
"imled hedaache",0
"minor stomach upset",0
"chts mild",1
"sevr chst tghtnes cant bbreathe",2
"saans ki nali band ho rahi hai",2
"sligt fevver",0
"sevr chst tightness",2
"respiratory distress",2
"general weakness feel ho rahi hai 146",0
"mild sore throat",0
"persistn theadache fever",1
"oxygne low ptaient unconscious",2
"rukne wali",2
"general weakness feel ho rrahi hai 102",0
"badan mein bauht dard hai bukhaar ke",1
"fever 102 no cough just body pain",1
"fvr 102 body",1
"pulse very high behosh hain 86",2
"sirf bukhaar hai cold iblkul nahi 62",1
"ocntinuoos fever",1
"shortnes of breeath",1
"breathing problm mild 131",1
"hosh nahi aa raah pulse zyada",2
"bukhaar 102 khansi nahi",1
"pin brething problm",2
"slighht fvr 15",0
"pet mein thoda dard",0
"normall cold",0
"patient baat nahi kar pa oxygen low",2
"normol col",0
"severe chest pain hai saans nahi aa rahi",2
"dizziness nd weekness 61",1
"tez bukhaar hai zukam nahi 94 119",1
"puls vry unconsious 88",2
"thakaan ho raih hai 146",0
"sa headache ho hai",0
"bkuhaar hai khansi nahi",1
"fvr headach",1
"unnresponsive loww oxygen",2
"bukhaar 102 khansi nahi",1
"sevr chest ppain cant mov",2
"rukne hai",2
"cannot breathe at all",2
"bukhaa rnahi bas kamzori 9",0
"chest discomfort ho raha hai",1
"dizziness nd ewkness",1
"slight fatigue",0
"high fever no cold",1
"pet mein thoda dard",0
"oxgyn critcal",2
"low fever stablee",0
"high feev rno cold",1
"thoda fever hai",0
"normal cold cough",0
"bukahr h",0
"pet thoda hai 136",0
"bukhaar hai khansi nahi",1
"no major problem",0
"heart attack severe chest pain",2
"normol cold cough",0
"sevr chst tghtnes cant breathe",2
"oxygn low patint unconscous",2
"pateint unconscious oxgyn low",2
"sirf halka bukhhaar hai cold nahi 69",0
"oxygen level pe hai",2
"rotuine checkup",0
"severe chest cannot breathe emergency",2
"chst pin brething problm",2
"seevere chest pain hai saans nahi aa rahi",2
"chhati mein bahut tez dard saans nahi",2
"general weakness",0
"severec hest pain move",2
"3 din se bukhaar nahi ja raha",1
"chst crushng pain 146 47",2
"egnral",0
"spo2 low breathing issue",2
"cnanot breathe at all 119",2
"spo2 80 se neeche gaya emergency",2
"minor issue hai koi badi baat nahi 14",0
"patient unconsicous not responding 39",2
"bukhaar naih bas kamzori 69",0
"fever 103 no other symptoms",1
"bohot tez dard saans ja rahi",2
"fever 102 aur body mein dard",1
"minora llergy",0
"dizziness while standing",1
"fever high hai body ppain bhhi",1
"low grade fever",0
"chest mein bahutt tez dard ruk rahi",2
"thoda bukhaarh ai khansi  nahi",0
"halki zukaam hai",0
"halki khhasi",0
"hgh fever no cld",1
"dizziness and weakness ho rahi hai",1
"slight fatiguee 19",0
"mild sore throat",0
"thoda weakness ahi",0
"hohs nahi aa raha pulse zyada 46",2
"high body pain",1
"kamzori lag rahi hai",0
"chst crushng pain",2
"minor allergy",0
"breathing problm mild",1
"pso2 drop ho raha hai breathing issue",2
"badan garm hai khansi nahi 24 116",1
"tfever",0
"sirf bukhaar hai cold bilkul nahi",1
"sligh tfatigeu",0
"mild chest pain 80",1
"continuous fever since 2 days 38",1
"low grade fevre",0
"severe chest tightness cannot breathe",2
"mild shortness of breath 23",1
"grade fever",0
"minor bodya che",0
"bukhaar pr khansi nahi",1
"sans lene mein dikkat ho rahi hai",1
"uthh nahi ap raha gira hua hai",2
"high fever  with body ache 147",1
"patietn breathing properly",2
"highf vr bina khansi ke 2",1
"miled headcahe 70",0
"genral 143",0
"mujhe tez bukhaar  hai cold nahi hai",1
"bukhaar high fever",1
"normall cold",0
"thodi si fatigue",0
"thodi kamzori",0
"severe chest apin cannot move",2
"chhati mein crushing dard 127",2
"mild 71",0
"low fever 108",0
"behosh ho pulse",2
"sans thodi mushkil hai",1
"puls vyr hgh unconsious",2
"no amjr issue",0
"bhookh  kam  lag rahi hai",0
"bukhhaar ke saath ulti",1
"dizziness nd wekness",1
"normal zukam",0
"fever 101",1
"sligght runny nose",0
"saans nahi aa raih hai",2
"chst pin brething problm 88",2
"chest discomfort mild",1
"sir mein halka dard",0
"behosh ho gya pulse hgh 87 2",2
"mild headahce",0
"slight cold hai",0
"persistnt headache fever",1
"thakaan ho rahi hai",0
"mild sa bukhar h stable h",0
"critical condition hai oxyygen low",2
"badan mein bahut dard hai bukhaar ke saath",1
"saans bilkul nahi aa rahi emergency hai",2
"normallc old",0
"collapsed",2
"slight fvvr",0
"bukhaar hai pr khansi nahi",1
"thoda sar dard h",0
"fver wihhtout cold",1
"fever 102 aur body mein dard",1
"oxygen levvel gir raha hai 107",2
"nahi aa raha pulse zyada",2
"thodi si faatigeu",0
"oxygen mask chahiye jaldi",2
"light breathing problem 96",1
"102 fever cold",1
"high fever no cold",1
"fevr 103 body ach",1
"behosh pade hain pulse nahi aa raha",2
"chesst crushing pain radiating arm",2
"spo2 drpping emergeny",2
"chest pain itna severe hai emergency call karo",2
"severe breathlessnes spatient baat nahi kar pa",2
"generel weakness",0
"mild",0
"minor allergy",0
"low brething issue",2
"fever 101 no runn ynose",1
"fever with body pain no cold",1
"fever without  cold 3 days",1
"tthodi kamozri",0
"patient collapsed weak 87",2
"bhookh kam lag rahi hai",0
"spo2 drpping",2
"cant breth at all",2
"behosh pade hain saans mushkil se aa rahi",2
"halkii fever haii sardi nahi",0
"badan mein bahut dard hai bukhaar ke saath",1
"spo2 80 se neeche gaya meergency 60",2
"saans ik nali band ho hai",2
"kamzori lag rhai hai 16",0
"seeen mein thodi jlaan",1
"spo2 low breathing issue",2
"small cut minor",0
"sir mein halka ddard",0
"cold cough",0
"persistent fever 3 days 78",1
"mild 23",0
"spo2 80 es neeche gaya emergency",2
"seene mein thodi jalan 109",1
"mujhe tez bukhaarh ai cold nahi hai 44",1
"dizziness while standing 86",1
"bukhaar hgh fever",1
"chhoti si chot lagi",0
"slight nose",0
"bohot tez dard asans ruktee ja rahi",2
"sevr breeathlesness",2
"oxygen mask chahiye patient unconscoius",2
"seene mein itna dard ki hilna 126",2
"chakkar a arahe hain 35",1
"headache 21",0
"fever with vomiting",1
"emergency unconscious patient",2
"norml cold cough",0
"genrl wekness",0
"hosh nahi aa raha pulse yzada",2
"behosh ho gaya pulse bahut high",2
"fever without cold 2 din se",1
"spo2 below 90 emergennccy",2
"bukhar tez h sardi nhi",1
"chhoti si chot lagi 110",0
"slightt",0
"chest mein bahut tez dard saans ruk rahi",2
"saans rukne walli hai",2
"continuos fever",1
"oyxgen level gir raha hai",2
"halka bukhar h",0
"dizziness and weaknesss ho hai",1
"emergency hai patient collapse ho gaya",2
"high fever without cold symptoms",1
"spo22 low brething isue",2
"thoda fever hai stable hai",0
"fever headache",1
"midl shortness of",1
"spo2 80 se neeche gaya emergency",2
"minor body ache",0
"bukhaar 101 sir",1
"patient hohs mein nahi hai 59",2
"small cut minor injury 22",0
"oxygen gir raha hai patient hai 6",2
"spo2 low issue",2
"mild nausea",0
"halki zukam hai",0
"slight fatigue",0
"thodi si fatigue",0
"no majr issue",0
"seene mein discomfort",1
"dizziness and weakness 38",1
"mildd",0
"behosh gaye hain",2
"fever 102 no cold just weakness",1
"low stable 129",0
"mujhe bukhaar h khansi nhi h",1
"saans lene mein thodi taklif 18 50",1
"bukhaar hai nahi",1
"patient not properly 118",2
"breathing problem",1
"pet mein thoda dadr",0
"tez bukhaar hai zukam nahi",1
"bohot tez dard saans ruktee ja rahi",2
"chaati me dard saans nahi aa rahi",2
"respiratory distress severe",2
"chakkar aur kamzori",1
"thodi kamzori",0
"3 din see bukhaar nahi ja raha",1
"generl wekness",0
"sir mein halka dard",0
"chhati ddab rahi hai saans nahi 103",2
"uthh nahi pa raha oxygen gira hua hai",2
"thodi khansi hai",0
"behosh ho gaya pulse high 150",2
"hgh  fevern o cld",1
"bukahar sir dard",1
"sirf zzukam hai bukhaar nahi 73",0
"chakkar aa rahe hain",1
"mild headache 114",0
"saans bilkul nahi aa rahi emergency hai",2
"light breathing problem",1
"buhkaar bas kamzori",0
"halki saans taklif",1
"mild nuasea",0
"fvr1 02 body pin",1
"fever no runny nose",1
"sirf halka bukhaar hai cold nahi",0
"seene mein hhalka dard",1
"light breathing problem",1
"fever 102 body pain",1
"fever hig hhai body pain bhi",1
"neend nahi aa rahi 7 109",0
"tez bukhaar hai zukam nahi",1
"patient collapsed pulse weak",2
"saans ki nali band ho rahi hai",2
"fever 102 no cold just weakness",1
"chest mein bahutt  ez dard saans ruk rahi",2
"nnormol cold cough",0
"oxygen level raha hai 3",2
"no major issue 16",0
"normal cold coughh",0
"heart attack symptoms severe chest pain",2
"cant breth at all 75 62",2
"no majr iissue",0
"bukhaar body pain no cough no cold1 01",1
"thoda sa sir dard",0
"chakkar aur kamzori",1
"bhookh lag rahi hai",0
"chakkar aur kamzori",1
"behosh pade hain pulse aa raha",2
"fever 103 no other symptoms",1
"respiratory distresss severe",2
"chhhoti si chot lagi",0
"patient unconscious not responding",2
"hgh no cld",1
"critical conditionh ai oxygeen low",2
"pet thoda kharab",0
"minor sstomach upset",0
"patient unocnscious not responding 20",2
"bukhaar body pain no cough no cold",1
"severe breathlessness cannot speak 84",2
"tohda weakness ahi",0
"light brething problem",1
"fever 102 aur body mein  dard",1
"chhoti si chot lagi",0
"oxygen low ptient unconscious",2
"palpitaations mild",1
"genral weakness",0
"continuous fever since 2 days",1
"severe chset pain hai saans nahi aa rahi",2
"mild chest tightness feel ho rahi hia 53",1
"halka bukhaar hai",0
"breathing problem",1
"thodi khansi",0
"chest pain breathinng problem",2
"mujhe tez bkuhaar hai cold nahi hai 71",1
"chhati mein halka dard 81",1
"sir mein halka dard",0
"halka hai cold nahi",0
"mild headache",0
"bukhaar bahut zyada haii",1
"chest discomfort ho raha hai 10",1
"sevr chst tightness",2
"saans rukkne awli hai",2
"oxygen dropping raipdly",2
"sevr breathlesness",2
"slight cough no fever 34",0
"behosh oh gaay pulse high",2
"normal zukam",0
"puls vry hgh unconsious",2
"la grahi hai",0
"badan garm hai khansi nahi",1
"mild hedche 58 41",0
"slight cough no fever",0
"mjuhe bukhaar hai cold nahi hai",1
"body painn o cough no cold",1
"behosh h ogaya pulse high 83",2
"oxygen mask chahiye jaldi",2
"chhati dab rahi hai saans nahi 138 78",2
"dizziness nd wekness",1
"complaints",0
"oxgyn critcal 17",2
"cannot breathe at all",2
"slight fevr stablee 86",0
"fever 102 aur body mein dard",1
"severe breathlessness cannot speak",2
"oxggyn critcal",2
"fever 110 headache",1
"bukhar tez h sardi nhi",1
"cold",0
"tez bukhaar bina sardi ke 119",1
"oxygn level critcl 36",2
"modrte chest pain 21",1
"no compalints",0
"chhati mein bahut tez dard saans nahi",2
"palptatons",1
"seene mein diiscomfort",1
"breathing problm mild 21",1
"fever without cold 2 din se",1
"thoda sa sir dard",0
"bukhaar body pain no cough no cold 52",1
"saans rukne wali hai",2
"oxygen bahut kam hai",2
"spo2 drop ho raha hai breathing issue",2
"severe chest pain cannot move",2
"mlid",0
"pateint unconscious oxgyn low 8",2
"fevre 102 pain",1
"high fever with body ache",1
"chtti me drd sns nhi rhi",2
"mild chest tightness feeel ho rahi",1
"slight",0
"slight  fvr 80",0
"respiratory distress severe",2
"mild shortenss of breath",1
"spo2 olw brething isue 134",2
"mild chest tightness feel ho rahi hai",1
"patient hosh meein nahi hai 149",2
"milled headachhe",0
"mild fever no cold",0
"palptatons mild",1
"spo2 80 se neeche gaya",2
"seene mein halak dard",1
"chest crushing pain ho rahi hai",2
"mild heddche",0
"fever 102 no cough just body pain",1
"emergeny",2
"slight ffatigeu",0
"bukhaar ke ssaath ulti",1
"chest pain breathing",2
"pulse bahut fast hai behosh hain 138",2
"plapiattions mild",1
"spo2 low breething isue",2
"slight fatigue",0
"chhati mein halka dard 10",1
"patient collpase ho gaya 8",2
"chaati me dard saans aa rahi",2
"milds a bukhar h stable h",0
"mild hedaache",0
"buhkaar 1101 sir dard",1
"mild chest tightness feel ho rahi hai",1
"chst crushng pain 36",2
"badan garm hai khansi nahi",1
"bkuhaar high fever",1
"saans rukne wali hai",2
"slight cold hai",0
"high temperature body pain",1
"cchst pin brething problm 146",2
"chest pin brething problem",2
"breathing prolbm mild",1
"spo2 80s e neeche gaya emergency",2
"thoda sarr dard h",0
"mild breathlesness",1
"ggenerl weknesss",0
"bukhaar 3 din se hai",1
"halki fever hai sardi nahi 19",0
"low fveern o cough no cold",0
"norml cold 114",0
"norml coldc ough",0
"oxygen level critical 111",2
"sligt",0
"chest pain breathhing",2
"kamzori hai",0
"neen dnahi aa rahi",0
"light breatthing problem",1
"bukhaar hgh ffever",1
"no mjor isuse",0
"bukhaar ke ulti",1
"tez bukhaar bina sardi ke",1
"slightt cough no fever",0
"severe chest pain hai saans nahi aa rahi",2
"mild sore throat",0
"mild sa headache ho raha hai",0
"pulse very high unconscious",2
"thodi fatigue",0
"badan garm hai khansi nahi",1
"breathlesness 86",1
"dizziness and weakness",1
"mild breathlessness on exertion",1
"slight cold hai",0
"behosh ho gaya high 105",2
"fver without cold",1
"slight cold hai",0
"miled headache",0
"headdache",0
"behosh ho gaya pulse bahut high",2
"spo2 drop hoo raha hai issue",2
"oxgyn critccal 8",2
"patiennt collapsed",2
"slight cold hai 10",0
"saans nahi  aa rahi hia",2
"mild nausea",0
"severe chest tightness cannot breathe",2
"patient collapse ho  agya",2
"patient not properly",2
"normal zzukam 125",0
"cannot rbeathe at all",2
"chestt ightness mild",1
"bukhaar ke saath ulti 25",1
"severe chest tightness cannot breathe",2
"fever hai but cold nahi 3 days se",1
"fever 102 body pain",1
"dizziness and weakness",1
"slight fatigue",0
"mein thodi problem",1
"mild  chst pain 7",1
"light brething problem 20 123",1
"bukhr hghf ever",1
"breathing slightly difficult",1
"bukhaar h sardi nhi",1
"sevr chst tighttness",2
"saanas nahi aa rahi hai",2
"fever 102 no cough just body pain",1
"pateint unconscious oxgyn low",2
"cannot at all",2
"mild fever no cold 80",0
"halki feevr hai nahi",0
"mild sa bukhar h stable h",0
"sirf buhkaar hai cold bilkul nahi",1
"hgh ffever no cld",1
"critical breathing",2
"patient unconscious not",2
"fever 102 no cough just body pain",1
"modrte chestt paiin",1
"slight fevvr stable 77",0
"oxygen low hai patient unconscious 52 33",2
"behosh ho gaye hain",2
"chhoti si cchot",0
"general weakness feel ho rahi hai",0
"normall cold cough",0
"oxygen critical level pe hai",2
"buhkaar 101 sir dard",1
"mild headche",0
"halka bukhar h",0
"chhati mein bahut tez darrd saans nahi",2
"mmild  breathlessness on exertion",1
"3 dinn se bukhaar nahi ja raha",1
"puls vry hgh unconsious",2
"milld hedaache",0
"3 din se bukhaar nahi ja raha",1
"halak sa body ache",0
"pet thoda kharab hai",0
"normal zukam",0
"chakkar rahe",1
"no majjor problem hai",0
"generel 20",0
"bukhr high fveer 127",1
"sirf halka bukhaar hai cold nahi",0
"mujhe tez bukhaar hai cold nahi hai",1
"bukhaar aur badan dard 53",1
"majr issue 75",0
"sans thdoi  mushkil hai",1
"sans lene mein dikkat rahi hai 98",1
"fever 101 no runny nose",1
"with vommiting",1
"chest crushing radiating arm",2
"general weakness",0
"bukhaar ha ipr khansi nahi",1
"mild fever without cold",0
"light cold",0
"seene mein thodi jaalan",1
"sligght fvr 127",0
"fever 102 aur body mein dard",1
"slight runnyy nose",0
"bohot tez dard saans  ruktee ja rahi",2
"sir mein halka dard",0
"severe chest pain cannot move",2
"chest crushing pain ho rahi hai",2
"severe chest pain hai saans nahi aa rahi",2
"generl",0
"halki fever hai sardi nahi",0
"behosh pade hain saans mushkil se aa rahi",2
"fever 103 other symptoms",1
"halki fever hai sardi nahi",0
"thodi khansi hai",0
"feevr 103 no other",1
"fever no cold 5",0
"seen emein discomfort",1
"severe breathlessness cannot speak",2
"fvr high no",1
"bukhaar nahi bas kamzori",0
"thoda sa sir dard",0
"spo2 low isue 139",2
"sir fhalka bukhaar hai cold nahi",0
"chest pain breathing problem",2
"mild breathlessness on exertion",1
"aa hain",1
"fever with vomiting",1
"unconscious oxgyn low",2
"oxygen dropping rapidly",2
"saans nahi le pa rahe hain",2
"mild sa headache ho raha hai",0
"ppatient breathing properly",2
"fvr hiigh no clld",1
"mild nausea",0
"spo2 low breaahting issue",2
"fever without cold 2 din se",1
"modrte chest pain 133",1
"sevr csht tiightness",2
"mild headche",0
"oxyggen bahut kam hai 0",2
"silght fatigue",0
"pateint collapsed 60",2
"sevr tightness",2
"modrte cehst pain",1
"spo2 8 0se neeche gaya",2
"thodi sif atigue",0
"genrel wekness",0
"mujhe bukhaar h hknasi nhi h",1
"chhoti si chot",0
"oxygenn mask chahiye jaldi",2
"body pin",1
"mild shortness of breath 13",1
"thodi si fatigeu 25",0
"uuthh nahi pa raha oxygen gira hua hai",2
"no major problme hai 21",0
"chakkar aa rahe hain",1
"oxygen critical level pe",2
"seene mein tohdi jalan",1
"gernl wekness",0
"behosh hoo gy pluse high",2
"continuoous fever since 2 days 139",1
"minor issue hai koi badi baat nahi",0
"spo2 80 se gaya emergency",2
"seveer chest pain hia saans nahi aa rahi",2
"nahi aa arhi hai",2
"sligt fever",0
"emergency unconscious patiennt 133",2
"fvr 102 body",1
"cannot breathe at all 89",2
"oxygen critical pe hai",2
"bukhaar nahi bas kamzori",0
"sirf bukhaar hai cold bilkul nahi",1
"mild sa headache ho raha hai",0
"mild chst pain",1
"mild fever noo cold",0
"pulse bahut fast hai ebhosh hain 135",2
"halki fever hai sardi nahi",0
"dizziness feel ho raha hai",1
"thoda buhkaar hai khansi nahi",0
"very high aur behosh",2
"fever nno runny nose",1
"norml col dcough 80",0
"severe pain cannot move 87",2
"general weakness feel ho rahi hai 93",0
"fvr high no cldd",1
"pateint unconscious oxgyn low",2
"mild  fever without cold",0
"chaati me adrd saans nahi aa rahi",2
"emergency unconscious patient 125",2
"seene mein discomfort 130",1
"mild fever no cold",0
"sa sirr dard",0
"normal uzkam",0
"respiratory distress severe",2
"hgih ffever no cold",1
"oxygen mask chahiye jaldi 110",2
"pulse very high aur behosh ahin",2
"thdoa sa sir dard",0
"sevr chest pain cant mov 39",2
"fever 103 no other symptmos 86",1
"oxygen bahut kam haai",2
"patien thosh mein nahi hai",2
"tez bukhaar bina sardi ke",1
"spo2  80 se neeche gaya emergency",2
"sevr chst tightness",2
"oxyggen llevel gir raha hai",2
"thodi khansi hai",0
"emergency hai ho gaya",2
"sir mein halka dard",0
"spo2 low breathingg",2
"bkuhaar 110 sir dard",1
"mild hedche",0
"chhati mein bahut tez dard saans nahi 42 99",2
"n omajor problem hai",0
"bukhaar 103 koi aur symptom nahi",1
"hosh nahi aa raha pulse zyadda",2
"fvr1 01 headach",1
"normall cold cough",0
"no major problem hai",0
"chst pain 127",2
"generel weakness",0
"normall cold cough 14",0
"respratry distrss sevr",2
"saans bilkul nahi aa rahi emergency hai",2
"mild nausea 30 13",0
"oxygn lowp atinnt unconscous",2
"halki fever hai sardi nahi",0
"bukhr hgh fevver",1
"collapsed",2
"bukhaar bahut zyada hai",1
"badan mein bahut dard hai bbukhaar ke satah",1
"no majr iissue 36",0
"badan mein bahut dard hai bukhaar ke saath 47",1
"pateitn unconscious oxgyn low 140",2
"slight fvr 141",0
"fever high hai body pain bhi 70 37",1
"fvr 101 headach 92",1
"tez bukhaar sardi nahi",1
"sevr chst tightness",2
"halki fever hai sardi nahi",0
"din se bukhaar nahi ja raha",1
"small cut minor",0
"respiratory distress severe",2
"no mjo rissue",0
"oxgyn critcal",2
"saans nahil e pa rahe hain 116",2
"chest mein mild pain hai",1
"chest tightness mild",1
"patient collapsed pulse weak",2
"bukhr fever",1
"general ewakness",0
"checkup 29",0
"bukhaar bahtu hai",1
"seene mein itna dard ki hilna mushkil",2
"continuous fever since 2 days",1
"pso2 low breathing issue",2
"weakness ffeel ho rahi hai",0
"bukhaar nahi bas kamzori",0
"general weaknness",0
"severe chest tighttness cannot breathe",2
"behosh pade hain pulse nahi aa raha",2
"no complaints",0
"midl pain",1
"bukhaar bahut hai",1
"wekness 113",0
"bukhaar 3 din se hai",1
"no majr issue",0
"severe chest tightness cannot breathe",2
"bdaan mein bahut dard hai bukhaar ke saath",1
"mminor body ache 80",0
"emergency hai patient collapse ho",2
"hosh anhi aa pulse zyada",2
"mujhe bukhaar h khansi nhi h",1
"no majr",0
"thoda sa sir dard 124",0
"fever with obdy pain no cold 134",1
"chakkar aaa  rahe hain",1
"respratry distrss sevr",2
"halka sa ache",0
"mild nausea",0
"small minor injury",0
"general weakness feel ho rahi hai",0
"thoda fever ha istable hai",0
"tez bukhaar hai zukam nahi",1
"norml  cold cough",0
"fvr highn o cld",1
"pet thoda kharab hai",0
"thoda weakness hai",0
"persisntt headache fever",1
"general weakness",0
"severe chest tightness cannot breathe",2
"pattientc ollapsed",2
"chest tightness mild",1
"dizziness nd wekness",1
"mein halka dard",1
"normolc old cough",0
"continuous feveer since 2 days",1
"severe chest tightenss cannot breathe",2
"moderate chest 114",1
"mujhe bukhaar h khansi nhi h 4",1
"chest mein bahut tez dard saans ruk arhi",2
"behosh ho gaay pulse high",2
"bukhar tez h sardi nhi",1
"chti me drd sns rhi",2
"sevr breathlesness",2
"low brething isue 35",2
"thodii si faatigue",0
"chaati me dard saans nahi aa rahi",2
"miled headache",0
"patient collapsed pulse weak 16",2
"normal zukam",0
"persistent headache with fever",1
"mein crusshing dard",2
"body",0
"light breathing prrobleem",1
"chati mein dard sans nahi aa rahi",2
"bukhaar bahut zyada hai",1
"halki  fveer hai sardi nahi",0
"fever 103 no other symptoms",1
"spo2 below 90 emergency",2
"saans nahi aar ahi hai",2
"patient not breathiing properly",2
"severee chest tightness cannot",2
"paitent baat nah ikar pa raha oxygen low",2
"saans rukne wali  hai",2
"no majr issue",0
"continuos",1
"patient unconscious not responding 88",2
"behosh ho gya pulse hgh",2
"chaati me dard saans nahi aa rahi",2
"bukhaar body pain no no cold",1
"fever high hai body apin bhi",1
"high fever with body ache",1
"emergency patient",2
"fever  ihgh hai body pain bhi",1
"slight fevr stable",0
"minor issue haik oi badi baat nahi 123",0
"fever 102 no cold just weakness",1
"behoshp ade hain saans mushkil se aa rahi",2
"mmodrte chest apin",1
"patient colalpse ho gaya 17",2
"oxygen low ptient unconscious",2
"ggenarl weakness",0
"asanns rukne wali hai",2
"high fvr bina khansi ke",1
"emergency unconsscious pattient",2
"severe chest tightness cannot breathe emergency",2
"mionr body ache 9",0
"oxygen mask chahyie patient unconscious 5",2
"pateint unconscious oxgyn",2
"puls vry hgh unconsious",2
"mild shortnes of breath",1
"chhati mein bahut tez dard saans nahi",2
"heart attack symptoms severe chest pain",2
"genrl",0
"tez bukhaar hai zukam nahi",1
"respratry distrsss evr",2
"mujhe bukhaar khansi nhi",1
"routine rpoblem haii",0
"mild hedaache",0
"neend nahi aa rahi",0
"no major  sisue",0
"tez bukhaar bina sarrdi ke 34",1
"oxygen level critical 8",2
"dizzyness weakness",1
"nno mjor issue 93",0
"chst pin brething problm",2
"saans bilkul nahi aa rahi emergency hai",2
"sevr tghtnes cant brreathe",2
"fvr 101 haedach",1
"thodi si fatigue",0
"chst pin brething problm 14",2
"minor hai koi badi baat nahi 8",0
"seene mein halka dard 74",1
"fver wwithout cold 57",1
"sir mein halka dard",0
"slight cough no fever",0
"sevr chst tghtnes cant breathe",2
"sevrr chst tghtnes cant breathe 65",2
"mild shortnes of breath",1
"chhati mein halka dard",1
"bhookh kam lag rahi hai",0
"dizziness feel ho raha hai 39",1
"seene mein discomfort",1
"modrte chest pain",1
"chest problem",2
"noo issue",0
"neend nahi aa rahi",0
"high etmperature body pain",1
"thoda fever hai stable hai",0
"fvre without coldd",1
"thodi khansi hai 16",0
"breathing porblm imld",1
"high fever without symptoms",1
"pulse very high unconscious 114",2
"weakness 1",1
"halki hai",0
"low fever no cough no cold",0
"oxygen patient unconscoius",2
"headche 111",0
"unconscious not responding",2
"mild chest tightenss feel ho rahi hai",1
"mild sa headache ho raha hai",0
"slight fevr stable",0
"fever 10 1headache",1
"chakkar aa rahe hain",1
"tez bukhaar aur badan dard",1
"patient collapesd pulse weak",2
"patient baat nahi kar pa raha oxygen low",2
"chest discomfrt",1
"lsight fatigue",0
"moderate fever with chills 113",1
"chhati mein crushing dard 138",2
"normol cold cough",0
"routine problem",0
"bahut zyada hai",1
"spoo2 low brething isue 118",2
"minor body ache",0
"high temperature  body pain 70",1
"hedache 9",0
"fever body no cold",1
"routine checkup",0
"persistent headache with fever",1
"dizziness while standing 58",1
"102 fever no cold",1
"chest discomfrt",1
"mild headche",0
"minor injury",0
"thhoda weaknessh ai",0
"general weakness feel rahi hai",0
"behosh ho gaya pulse high",2
"fevr 103 body ach 29",1
"abdan mein bahut dard hai bukhaar ke saath",1
"thoddas a sir dard",0
"lowf ever stable",0
"minor stomach upset",0
"mildd",0
"thoda hai",0
"saans lena impossible ho raha hai",2
"milde headache",0
"fever 102 cold just weakness",1
"generl wekness",0
"saans lena impossible ho raha hai",2
"light brething problem",1
"seene mein halka dard",1
"sevr chst tghtnes cant breathe",2
"mild sa bukhar h sttable",0
"oxygen low patient unconscious",2
"chest crushing ho rahi hia",2
"mildd shortness of breath 122",1
"bukhaar  body pain no cough no cold 119",1
"ahlka h",0
"continuous fever since days 93",1
"normal cold cough",0
"halki saaans taklif",1
"norml clod cough",0
"sevvvere breathlessness cannot speak",2
"thodi khansi hai",0
"cannot breathe at all 7 11",2
"generaal weakness feel ho rahi hai",0
"sa body ache",0
"oxygen low patient unconscious 4",2
"oxygen low unconscious 86",2
"saans nahi aa rahi hai 119",2
"breathing slightly difficult 101",1
"general weakness",0
"dizzyness waekness",1
"slght fever stable",0
"bahut zyada bukhaar hai",1
"no mjor isseu",0
"spo22 below 90 emergency",2
"generl weekness 88",0
"pulse bahut fsat hai behosh hain 38",2
"mild headache",0
"persistent headach ewith fever 61",1
"cough",0
"hallka body ache",0
"seene mein halka dard 44",1
"fevr 103 bdoy ach",1
"cold cough",0
"behosh ho gaya pulse bahut high",2
"bukhaar hai pr hkanis nahi",1
"chest mild",1
"chset",1
"mild chest pain 93",1
"chaati me dard saans nahi aa rahi",2
"low fever stable",0
"moderate ffever with chhills",1
"tez bukhaar aur badan dard 8",1
"oxygn low patint unconscous",2
"bukhaar nahi kamzori 61",0
"respiratory distress esvere",2
"dizziness while standing",1
"sirf zukam bukhaar nahi",0
"chest discomfort ho raha hai",1
"mild fever no cold",0
"bhoohk kam lag rahi hai 10",0
"pulse very high unconsccious",2
"sans leneee mein thodi problem",1
"thoda weakness hai 100",0
"mjor issue",0
"respratry distrss serv",2
"low fever no cough no cold",0
"chst crushng",2
"sirf bukhaar hai cold nahi 16",1
"moderate chest",1
"spo2 low brethinng",2
"halki uzkam hai 82",0
"mild headache",0
"no majr issue",0
"thoda hai",0
"oxygen low ptient unconscious",2
"bukhaar 101 sir dard",1
"halki khasi hai",0
"severe chest pain cannot",2
"cannot breathe at all",2
"bukhaar body pain no cough nno cold",1
"thoda hai khansi nahi",0
"pulse very high aur behosh hain",2
"miinor",0
"routin echeckup 63",0
"severe tightness cannot breathe emergency",2
"dizziness and weankess",1
"3 din se bukhaar nahi ja raha 148 63",1
"chest mein abhut tez dard saans ruk rahi",2
"normol cold ocugh 44",0
"halki fever hai sardi  nahi",0
"bukhaar 3 din hai",1
"general weakness feel ho rahi hai",0
"thoda weakness hai 124",0
"sir mein",0
"mild nausea 51",0
"no",0
"chst tghtnes cant breathe 79",2
"weeakness",0
"no major problem hai",0
"bohot tez dar dsaanss ruktee ja rahi",2
"chest pin brething problem 116",2
"thoda sar dard h 27",0
"oxygen criticla level pe hai 20",2
"high tmeperature pain",1
"sans lene mein dikkkat ho rahi hai",1
"fever hai but cold  nahi 3 days se",1
"sri mein halka dard 11",0
"severe breathlessness patient nahi kar pa raha 66",2
"3 di nse bukhaar nahi ja raha",1
"saans bilkul nahi aa rahi emergency hai",2
"pet thoda kharrab hai",0
"behosh pade hain pulse nahi a araha 95",2
"halki fever hai sardi nahi 149",0
"severe breathlessness patient baat nahi kar pa raha",2
"breathing thodi difficlut ho raahi hai",1
"saans ki nali band ho rahi hai",2
"fever 103 no sypmtoms",1
"halka bukhar",0
"mein dard",1
"dizziness and weakneess ho rahi hai",1
"breathing difficult",1
"mild sore tthroat",0
"spo2 80 se neeche gaya emergency",2
"generel weakness 25",0
"spo2 below 90 51",2
"chest discomfort ho raha",1
"breathing problm mild",1
"sir mein halka dard 144",0
"pet tthoda kharab hai",0
"sspo2 below 90 emergency 123",2
"patient baat nahi kar pa raha oyxgen low",2
"sevr chest pain cant mov",2
"respratry distrss sevr",2
"bahut kam hai",2
"moderate chest pain",1
"norml cold cough",0
"light breathinng problem",1
"chhoti si chot lagi",0
"mild",1
"saans nahi le pa rahe hain",2
"sirf bukhaar hai cold nahi",0
"oxgyn level critcl 123",2
"nose",0
"bukhaar hai khansin ahi 42",1
"severe breathlessness patient baat nahi pa  raha",2
"mild feveer without cold",0
"fever 110 no runny nose 91",1
"oxygn low patint unconscous",2
"thoda bukhaar hai nahi",0
"no major issue",0
"sirf zukam hai bukhaar nahi",0
"minor allergy",0
"highf ever without cold symptoms",1
"genral weakness",0
"severep ain cannot move",2
"mild nausea",0
"saasn ki nali band ho rahi hai",2
"seene mein itna dard ki hilna mushkil",2
"slight fvr",0
"mild fever no cold",0
"patient not breathing properly",2
"fever hai but cold nahi 3 days  se",1
"neend nahi aa rahi 132",0
"persistent headache with",1
"saans bilkul nahi aa rahi emergency hai",2
"no complaints 105",0
"severe chest tightness cannot breathe",2
"thodi kamzori",0
"patientt not breathing properly",2
"high fever with body ache",1
"mild breathlessneess on",1
"behosh pade hain pulse nahi aa raha",2
"no major issue",0
"minor allergy",0
"nausea",0
"haalka bukhar h 35",0
"patient respnod nahi kar raha oxygen low",2
"102 fever cold 118",1
"neend nahi aa rrahi",0
"behosh pade hain saans mushkil se aa rahi 113",2
"nahi aa rahi hai",2
"low fever no cough nno",0
"seene mei nthodi jalan 67",1
"pain cannot move",2
"cannot breathe at all 76",2
"high fever with body ache",1
"thodi khansi hai 136",0
"persisttn headachee fever",1
"nahi pa raha oxygen gira hua hai",2
"severe breathlessness cannot speak",2
"severe chest pain hai saans nahi aa rahi",2
"bukhaar nahi bas kamzori",0
"chest tightness",1
"routine problem hai",0
"pulse very hihg aur behosh hain 80",2
"behosh hain mushkil se aa rahi",2
"mild bukhar h stable h",0
"respiratory distress severe",2
"spo2 drop ho rraha hai breathing issue",2
"slight fatigue",0
"high temperature body ppain",1
"breathing problm mild",1
"pulse bahut fast hai behosh hain",2
"sevr breaathlesness",2
"persistent fever 3 days",1
"fever hai but cold nahi 3 days se",1
"bohot tez dard saans ruktee ja rahi 111 12",2
"chest pain breathing problem",2
"mild ehdche",0
"behosh ho yg pulse high 21",2
"normal cold cough",0
"light breathing problem",1
"bukhaar high fever",1
"oxygen low ptient unconscious",2
"behosh pade hain saans mushkil se aa rahi",2
"fever vomiting 2",1
"mild sa bukhar h stable h 100",0
"badan mein bahut daard hai bukkhaar ke saath",1
"mild chest pain 18",1
"bahut zyada bukhaar hai",1
"chti me drd sns nhi rhi",2
"low grade feverr 41",0
"halka sa body ache",0
"bukhaa raur badan dard",1
"pet thoda kharab hai 87",0
"normal zukam",0
"severe hai saans nahi aa rahi",2
"chest pain breathing probleem 76",2
"pulse very high unconsicous 133",2
"thoda as sir dard",0
"no problem hai",0
"hai pr khansi nahi 94",1
"slight cold hai",0
"bukhaar nahi abs kamzori 128",0
"dizzyness",1
"cant breth at all",2
"patient unconscious not responding",2
"patient respond nahi kar raha oxygen low 62 127",2
"fever 102  no cough juts body pain",1
"chst  crushng pian",2
"minor issue hai koi badi baat nahi",0
"behosh hain saans mushkil se aa rahi",2
"dizziness and weakness 644",1
"thoda fever hai stable hai",0
"ligth brethingg problem",1
"continuous feveer since days",1
"bohot tez dard saansr uktee ja rahi",2
"mminor stomach",0
"severe breathlessness patient baat nahi kar par aha",2
"minor issuee hai koi baddi baat nahi",0
"spo2 rdpping meergeny",2
"minor issue hai koi badi baat nahi",0
"mujhe bukhaar h khansi nhi h",1
"csht crusshng pain",2
"mujhe tze bukhaar hai cold nahi hai 94",1
"bukahar ke ulti",1
"normall cold cough",0
"tthodi khansi hai",0
"bukhaa r101 sir",1
"ssevere breathlessness cannot speak",2
"sans thodi mushkil hai",1
"fevver without cold 2 din se",1
"fever without cold 2 din es",1
"tez bukhaar hai zukam nahi",1
"patient respond nahi kar raha oxygen low",2
"behoshh pade hain saans umshkil se aa rahi",2
"breathing problem",2
"chhati mein halka dard",1
"mild chest tightnses feel ho rahi hai 73",1
"chest tightness mild 58",1
"palptatons mild",1
"spo2 drop ho hai breathing issue 67",2
"dizzinses and weakness ho rahi hai",1
"tohdi si fatiigue",0
"bukhar tezh  sardi nhi 93",1
"spo2 80 sse neeche gaya emergencyy",2
"bukhaar bahut zyada hai",1
"high fever without cold symptoms",1
"respiratory distress severe",2
"chst crushng pain",2
"criticcal breathing failure",2
"kamzori lag rahi hai",0
"norrmal zukam",0
"saans bilkul nahi rahi emergency hai",2
"oxygen mask chahyie jaldi",2
"bahut zyada bukhaar hai 60",1
"oxygen low patient unconscious",2
"fevr 103 body ach",1
"dizziness feel ho raha hai",1
"normal cold cough",0
"plapitations",1
"no mmajoor issue",0
"chest pain itna seveere haii emergency call karo",2
"oxygen critical level pe ahi 30",2
"dizziness and weaakness",1
"pulse bahut fast hai behosh hain",2
"small cut minor injury",0
"thakaan ho rahi hai",0
"tez bukhhaar hai zukaam nahi",1
"halki zukam hai 34",0
"chst tightnss mild",1
"pulse bahut fast hai hain",2
"nomral",0
"emergency hai patient collapse ho gaya",2
"low grade fever",0
"high fever withhout cold symptoms",1
"halki khassi hai",0
"bukhaar pr khansi nahi",1
"spo2 low breething issue 53",2
"saans lene meiin thodi taklif",1
"chhati dab rahi hai saans nahi",2
"slight fever satble",0
"thakaan ho rahi hai",0
"midl ehadche",0
"seene mein thodi jalan",1
"patient hosh mein nahi hai",2
"mild nausea 113",0
"oxygen  low patient unconscious 79",2
"fever without cold 3 days 12",1
"emegrency unconscious patient 33",2
"saans rukne wali hai 71",2
"high  efver no cough",1
"bohot tez dard saans ruktee j arahi",2
"bukhr hgh fever",1
"ho gya pulse hgh",2
"mild nausea",0
"sir mein halka dard",0
"oxygen low ha ipatient unconscious",2
"oxygen mmask chahiye patient unconscious",2
"miled",0
"severre chest pain cannot move",2
"mujhe bukhaar h khansi nhi h 98",1
"slight cough no fever",0
"sevr chest pain cant mov",2
"badan garm hai khansi nahi",1
"heart attack symptoms severe hcest pain",2
"minor body ache",0
"light cold 63",0
"patient collapsed",2
"fever 102 body pain 2",1
"milld nausea",0
"miild sore throat",0
"chhati mein bahut tez dard saans nahi",2
"slight cold hai",0
"chest discomfort mild",1
"thoda bukhaar hia khansi nahi",0
"emergency unconscious patient 2",2
"mild sore throat",0
"slight fever stable",0
"oxygen critical level pe hai",2
"neend nahi aa",0
"critical breathing failure",2
"sir meni dard",0
"normal col dcough",0
"thodi khansi hai 110",0
"chest",1
"sans meind ikkat ho rahi hai",1
"halka bukhaar hai",0
"light cold 994",0
"palpitations",1
"mein discomfort 27",1
"bukhaar hgh fever",1
"chest discomfort ho raha hai",1
"slight fever stable",0
"mild shortness of breath",1
"behosh ho gaye hain",2
"bukhaar bahut zyada hai 66",1
"pulse vrey high unconscious",2
"high temperature body pain",1
"thodi kamozri 43",0
"dizziness and weakness",1
"fvr 102 body pin",1
"patient nahi kar raha oxygen low",2
"fever high ahi body pain bhi",1
"chakkar aa rahhe hian",1
"cold hai",0
"mild hedaache 37",0
"mild fever without cold",0
"spo2 low brething issue 75",2
"severee chest pain cannot move 29",2
"chst pin brething problm",2
"general weakness feel ho rahi hai",0
"fever high hai body pain bhi",1
"high temeprature body pain",1
"bukhaar hai khansi nahi",1
"halki saans ki taklif",1
"high fever without cold symptoms",1
"silghtt fatigue",0
"sans lene mein thodi problem",1
"chest discomfort ho raha hai",1
"sevree chest tightness cannot breathe emergency",2
"fever 103 no other symptoms",1
"dizziness nd wekness 5",1
"severe chest tightness cannot breathe eemergency",2
"high temperature bdoy pain",1
"chst crushn gpain",2
"nomrall clod cough",0
"slight fever staable 121",0
"bukhaarr bahut zyada hai",1
"lsight fvr",0
"unresponsive low oxygen",2
"saans lena impossible ho raha hai",2
"dizziness feeel ho raha hai",1
"mild fever no ccold",0
"bukhhaar nahi bas kamzori",0
"sevr breathlesness",2
"tez bukhaaar sardi nahi",1
"genralw",0
"emergency patient",2
"chest crsuhing pain radiating arm",2
"sop2 llow breathing issue",2
"sevvere chestt pain cannot move",2
"halka sa body ache",0
"seene discomfort",1
"chhati mein bahut tez dard saans nahi 76",2
"3 din se bukhaar nahi ja raha 91",1
"zukam",0
"fever without cold",0
"mujhe bukhaar khansi nhi h",1
"thoda hai 77",0
"generl weknness 29",0
"chest tightness mild 18",1
"bohot etz dard saans ruktee ja rahi",2
"bukhaar high fever 104",1
"patient collapsed 86",2
"tez bukhaar aur badan dard",1
"fever 102 body pain",1
"sevr breathlesness",2
"problem hai",0
"thodi mushkil hai",1
"mujhe tez bukhaar hai cold nahi hai",1
"sa headache ho raha hai 35",0
"routine problem ahi 23",0
"patient not breathing properly",2
"fever withuot cold 2 din se",1
"sans lene mein dikkat ho rahi hai",1
"patient collapsed",2
"tez bukhaar bina sardi ke 17",1
"small cut minor injury",0
"low stable 19",0
"pett hoda kharab",0
"sirf halka bukhaar haai cold nahi",0
"hai patient colllapse ho gaya",2
"neend nahi aa rahi",0
"tez bukhaar hai zukam nahi",1
"breathing slightly difficult 137 0",1
"slightc old hai",0
"seene mein thodi jalan",1
"oxygn level critcl",2
"high fevre",1
"halki khasi hai",0
"thoda sa ssir dard 119",0
"mild hedache",0
"seene mein halka dard",1
"thodi khasni hai 100",0
"spo2 80 se neeche gaya emergency",2
"pulse high unconscious 136",2
"genral waekness",0
"neend nahi aa rahi",0
"mild hedache",0
"light problem",1
"severe chest tightness cannot breathe emergency 93",2
"fvr 102 bodyy pin",1
"patient collapsed 30",2
"saans lene mmein thodi taklif",1
"bukhr high fever",1
"slihgt stable",0
"oxygen critical level pe hai",2
"spo2 llow issue",2
"kharab hai",0
"hhalki hai",0
"thodi si fatigue",0
"hgh fever noc ld",1
"oxygen low patient unconscious",2
"no majr issuee",0
"low fever no cough no coldd",0
"fever 101 headache",1
"bbukhaar high",1
"chst crushng pain",2
"oxygen low unconscious 4",2
"patient hosh mein nahi hai 9",2
"behosh pade hain pusle nahi aa raha",2
"oxygen low hai patient unconscious",2
"hihg fever no couugh",1
"chhoti si chot",0
"persiistent headache with",1
"behoosh ho gaya pulse high",2
"fever 102 no cold just weakness",1
"no major problem hai",0
"fever high hai body bhi",1
"chset mein mild  pain hai",1
"generl wekness",0
"fevr 103 body ach 142",1
"oxygen amsk chahiye jaldi",2
"kamzori",0
"fever with vomiting",1
"fever 125",0
"fever 102 on cough just body pain",1
"uthh nahi pa raha oxygen giraa hua hai",2
"aattack symptoms severe chest pain",2
"saans nahi aa rahi hai 115",2
"milld sore throat",0
"patient collapsed puulse weak",2
"fever with body pain noc old",1
"genral weakness",0
"behosh ho gya pulse hgh",2
"light cold",0
"nomrall cold coughh",0
"hhosh nahi aa raha pulse zyada",2
"no majo rissue",0
"chest pin brething prbolem",2
"vfr high no cld",1
"bohot tez dardd saans ruktee rahi",2
"spo2 below 90 emergency",2
"chest pin brething problem",2
"mild on exertionn",1
"lhaki zukam hai",0
"mild sa bukhar h stable h 23",0
"behosh pade hain saans mushkil se aa rahi",2
"mminor issue hai koi badi baat nahi",0
"sirf bukhaar hai cold bilkul nahi",1
"sirf bukhaar hai cold bilkul nahi",1
"chhoti si chot lagi",0
"oxygen low unconscious",2
"bukhaar body pain no cough no cold",1
"mild breathlessness on exertion",1
"bukhaar hgh fever 78",1
"patient hoshh mein nahi",2
"dizziness feel ho raha hai",1
"fever 101 headache 111",1
"feever no cold",0
"routine",0
"low fever stable 116",0
"hdeaache",0
"ho gy high",2
"fvr 67",0
"light breathign problem 18",1
"geenerel weakness",0
"thoda weakness hai",0
"chest pain breathing problem",2
"mujhe bukhaar h khansi nhi",1
"on issue",0
"feverr no cold just weakness",1
"mild fever without cold",0
"wekness 88",0
"pulse bahut faast hai behosh hain",2
"thodi khansi hai",0
"dizziness while standing",1
"chti me drd sns nhi rhi",2
"bhookh kam lag hai 34",0
"pateint unconscious oxgyn low",2
"pet thoda khraab hai",0
"fvr 102 body pin",1
"pulse very high 111",2
"nd wekness",1
"bukhaar 103 koi aur symptom nahi 29",1
"saans lene mein thodi taklif",1
"chest mein mild pain hai",1
"chest pin brething problem",2
"mild heaadache 136",0
"halki khasi hai",0
"khasi hai",0
"behosh pade hain saans mushkil se aa rahi 39",2
"hgh fever no cld",1
"dizzyness weakness",1
"sans lene mein dikkat ho rahi hai",1
"mild hedche 126",0
"spo2 drop hho raha hai breathing issue 14",2
"unresponsive low oxygen",2
"saans nahi le pa rahe hain",2
"patient not breathing",2
"mild breathlesness",1
"no major issue 119",0
"halki zukam hai",0
"routine probllem hhai",0
"fever 103 no other symptoms",1
"headche",0
"behosh pade hain saans umshkil se rahi",2
"uthh nahi pa raha oxygen gira hua hai 71",2
"light cold 139 36",0
"halka bukahar hai",0
"with body ache",1
"sans lene mein problemm",1
"modertae fever with",1
"oxygen dropping",2
"low grade fever",0
"routine checkup 105",0
"emergency unconscious patient",2
"continuos fever",1
"oxygenl ow ptient unconscious 32",2
"patient collapsde",2
"baadan garm hai khansi nahi 139",1
"3 din se bukhaar nahi ja raha",1
"spo2 80 neeche gaya emergency",2
"sore throat 59",0
"seene meinn discomfort",1
"routine cheeckup",0
"slight cold hai 17",0
"chestd iscomfrt 66",1
"oxygen level gir raha hai",2
"kharab hai",0
"thodi kamzori",0
"palpitations",1
"saans nahi le pa arhe hhain",2
"severe cannot speak",2
"behosh pade hain pulse nahi aa raha",2
"thakaan ho rahi hai",0
"light brething probblem 133",1
"dziziness nad weakness",1
"mild hedache",0
"continuous fever 2d ays",1
"normol cold cough",0
"light cold",0
"fever without cold 3 days",1
"complaints",0
"severe breathlessness cannot speka 143",2
"thoda weakness hai",0
"critical condition hai oxygen low",2
"neend nahi aa rahi",0
"fvr highc ld",1
"frv higgh no cld",1
"normal zukam 140 30",0
"high fvr bina ke",1
"pulse bahut fast hai behosh hain",2
"high fever with body ache",1
"palpitations mild",1
"chst curshng pain 129",2
"patient collapsed 33 97",2
"mil dbreathlesness",1
"spo2 low brething isue",2
"behosh ho gaya ppulse high",2
"asans lena ho raha hai",2
"sevree breatthlessness cannot speak",2
"mein halka dard",1
"light breathing problem 62 87",1
"feevr no cold",1
"chest tightness midl",1
"chest mein bahut tez dard saans ruk rahi",2
"fever 103 no other symptoms",1
"3 din se bukhaar nahi ja raha",1
"emergency unconscious patient",2
"bukhaar high fever",1
"bukhaar hgh fever",1
"spo2 bellow 90 emergencyy",2
"sevr chstt  tightness",2
"fever 102 no ocugh just body pain",1
"imnor stomach  upset",0
"hgh fever no cld",1
"ho gayye hain",2
"behosh pade haiin pulse nahi aa raha 1",2
"continuos fever 61 8",1
"miled headache",0
"neend nahi aa rahi",0
"low fever no cough no cold",0
"behosh ho gayaa pulse high",2
"slght fever stable",0
"cannot breathe at all",2
"severe chest pain cannot movve 51",2
"behosh pade hain ppulse nahi aa raha",2
"persistnt fever",1
"chst tightnss mild",1
"mild nausea",0
"thakaan ho rahi hai",0
"fevre 102 pain",1
"chakkar aur kaamzori 30",1
"continuous fever since 2 days 136 33",1
"persistent fever3  days",1
"fever stable",0
"severe chest tightness cannot breathe",2
"oxygn low unconscous 27",2
"patient collapse ho gaya",2
"behosh pade hain pulse aa raha 81",2
"normol couugh",0
"patient baat nahi kar pa raha oxygen low",2
"unconsciuos oxgyn low",2
"mild breathlesnesss 100",1
"slght fever stable",0
"chest discomfort ho raha hai",1
"halkiz ukam hai",0
"halki fever sardi nahi",0
"fever without cold 3 days",1
"severe chest tightness cannot breathe 104",2
"mild sa headache ho rahha hai",0
"bukhaar nahi bas kmazori",0
"patient not breathing properly",2
"102 khansi nahi 4",1
"low fever no cough no cold",0
"sligt fevver 134",0
"bukhaar 101 sir dard",1
"high feevr with bdoy ache",1
"bahut zyada bukhaar hai 47",1
"slight runny nose",0
"persistent headache with fever",1
"sans lene mein thodi problem",1
"lene mein thodi problem",1
"fever 102 no cold juust weakness",1
"halka hai",0
"slight fvr 1133",0
"fever 102 aur body mein dard",1
"puls vry hgh",2
"fevr 103 body ach",1
"problm mild",1
"102 khansi nahi",1
"mild",1
"seveere chest pain hai saans nahhi aa rahi",2
"geneeral weakness",0
"fever hai but cold nahi 3 days se",1
"fever 103n o other symptoms 5",1
"bukhaar nahi bas kamzori",0
"mujhe tez bukhaar hai cold nahi hai",1
"chati mein dard nahi aa rahi",2
"critical breathing failure",2
"no majr issue",0
"chest pai nbreathing problem 65",2
"muujhe tez bukhaar hai cold hai",1
"genreel weaknness",0
"mildn ausea",0
"dizziness feel  ho raha hai 113",1
"feveer 102 body pain 135",1
"mild shotrneso f breath",1
"oxygen mask chahiye patient unconscious",2
"seevre chest pain cannot move",2
"oxygen mask chahhiye jaldi",2
"chhati mein halak dard",1
"halka sa body ache 127",0
"chst tightnss mild",1
"normol cough",0
"fever with voomiting 87",1
"chest pain breathing problem",2
"bukhaar hai zuakm nahi",1
"slight cold ahi",0
"routtine problem hai 2",0
"aweakness hai",0
"severe breathlessness ppatient baat nahi kar pa raha",2
"oxgyen gir raha hai patient unconscious hai 101",2
"mild fever no cold",0
"severe breathlessness patient baat nahi kar pa raha 18",2
"mild chest tightness feel ho rahi hai",1
"thdoa fever hai stable hai 46",0
"halki hai",0
"thodi si faatigue",0
"light cold",0
"mild",0
"normall cold  cough",0
"fever 102 no cold just ewakness 16",1
"cant breth at",2
"high fvr bina khannsi ke 21",1
"saans lena impossibel oh raha hai",2
"chest pin brething problem",2
"sirf halka bukhaar hai cold nahi",0
"chst crushhng pain 13",2
"mild fo breath",1
"aur kamzori",1
"mild sa bukhar h stable h",0
"sans thodi mushkii lhai",1
"saans rukne wwali hai",2
"buhkaar 120 khansi nahi",1
"miled headache 131",0
"unresponsive low oxygen",2
"mujhe tez bukhaar hai cold nahii hai",1
"fevr 103 body ach",1
"oxygen critical level pe hai",2
"3 din se bukhaar nahi ja raha 107",1
"fvr 120 body pin",1
"mild breathlesness",1
"light  clod",0
"smlal cut minor injury",0
"patient not breathing properly 126",2
"light brething problem",1
"minor issue koi badi baat nahi",0
"behoosh pade hain saans mushkil se aa rahi 112",2
"te zbukhaar  aur badan dard",1
"mild chst pain",1
"chest pin brething",2
"3 din se bukhhaar nahii ja raha",1
"thoda weakness hai 102",0
"chest crushing pain ho rahi hai",2
"fever 102 aur body mein",1
"seene mein halka dard1 24",1
"saans lena ipmossible ho raha hai",2
"chest tightness mild",1
"slight fever stable",0
"low fever no cough no cold 81",0
"mild shortness of breath",1
"halka bukha rh",0
"bukhaar hai",0
"sevr chst tightneess",2
"dizziness and weakness",1
"spo2 low brethign isue",2
"fever high hai body pain",1
"mild chest pain",1
"puuls vry hgh unconsious 67",2
"hchati mein halka dard 93",1
"behosh pade hain saans mushkill se aa rahi",2
"spo2 drop ho raah breathing issue",2
"hgih fever without cold symptoms 52",1
"normal cold cough",0
"critica lhai oxygen low",2
"mild shortnes of breath",1
"chaati me daard saans nahi aa rahi",2
"kamzori lag rahi",0
"persistnt headache fever",1
"minor stomahc upset",0
"slightc ough no fever 78",0
"spo2 drpping emergeny 46",2
"mein bahut dard hai bukhaar ke saath",1
"rooutine chcekup",0
"emergency hai patient collapse ho gaya",2
"chest discomfrrt",1
"sevr chst tghtnes cant breathe",2
"chest pain",1
"bukhaar nahi bas kamzori",0
"saans lena impossbile ho raha hia",2
"mild fever cold",0
"chhoti si chot lagi",0
"patient unconscious not reespondnig",2
"high temperature body paiin 42",1
"mild shorttnes of breath 12",1
"sir mein halkka dard 45",0
"thoda sa sir dard",0
"light breathing problme",1
"halki kkhasi",0
"hedaceh",0
"respiraatory distress severe",2
"respiratory distress severe",2
"oxygen level gir raha hai",2
"fever without cold 3 days",1
"cold cough",0
"cant breth at all",2
"dizziness while stannding",1
"fever without cold 2 din se",1
"halka sa body",0
"oxygen level ggir raha",2
"patient collapsed pulse weak 12",2
"pateint unconscious oxgyn 55",2
"normal",0
"mild hedaache",0
"mild heedache",0
"chst pin brething rpoblm",2
"fvr 101 headach",1
"fever without cold",0
"generel weakness",0
"behosh ho gy pulse high 4",2
"eemergeency hai patient collapse ho gaya",2
"general weakness",0
"patient hosh mein nahi hai 95",2
"sir mein halka dard",0
"chest pain ittna severe hai emergency call karo",2
"normol cold cough",0
"halki asans ki taklif",1
"tez bukhaar bina sardi ke",1
"thodi khansi hai",0
"chakkar auur kamzori",1
"ahlki zukam hai",0
"palpitations mild",1
"fever 102 no cold just weakness",1
"small cut minor injury 129",0
"spo2 80 se neeche gayaa emergency",2
"sirf bukhaar hai cold bilkul nahi",1
"mild pain",1
"bukhaar hai pr kkhansi nahii",1
"thdoi si fatiuge",0
"chaati me dard saans nahi aa rahi",2
"high fever without cold symptoms",1
"fever 101 40",1
"patient hosh mein nahi hai",2
"thodi",0
"bukhaar 101 sri dard 129",1
"general weakness feel ho rahi hai 110",0
"mild sa bukhar stable h",0
"chest discomfrt",1
"normol coughh",0
"tez ubkhaar hai zukam nahi",1
"patinet collapsed",2
"sirf zukam hai bukhaar nahi 108",0
"severe chest tightness cannot breathe emergency",2
"thodi si",0
"severe breathlessness patient  baat naahi kar pa raha",2
"chati mein dard sans nahi aa rahi 54",2
"low fever stable",0
"oxygen bahut kam hai",2
"cannot breathe ta all 121",2
"dizzniess and  weakness ho rahi hai",1
"bukhaar high fever",1
"slight cold hai",0
"chest mein bahut tez saaans ruk rahi",2
"severe breathlessenss patient baat nahi kar raha",2
"low fever stable",0
"continuous fever since 2 days",1
"chhati mein crushing dard",2
"thoda weakness hai",0
"bukhaar 101 sir dard 54 101",1
"mild shortness of breath",1
"saans rukne wali",2
"severe breathlessness patient nahi kar pa raha",2
"mild braethlesness",1
"mild",1
"ffever 101 no runny nose",1
"no majr issue 129",0
"light cold",0
"fvr 102 body pin",1
"generl ewkness",0
"sevr chst tightness",2
"modrte chest pain",1
"buukhaar nahi bas kamzori",0
"oxygen level gir raha hai",2
"cheest crushing radiating arm",2
"saans nahi le pa rahe hain",2
"bhookh kam lag rahi hai",0
"bukhaaar hghf ever",1
"neend nahi  aa rahi",0
"oxygen low unconscious",2
"chest discomfort ho arha hai 89",1
"halki zukam hai",0
"slght fever stable 86",0
"minor aallergy",0
"no majr issue",0
"behosh pade hain sanas mushkil se aa rahi 129",2
"mild hedache 115",0
"thodi kamzori",0
"behosh ho gy pulse high",2
"spo2 low breathing issue",2
"nausea",0
"tez bukhaar sardi nahi",1
"sevr chst tghtnes breathe",2
"chest pain breathing problem",2
"sglht fever stable 41",0
"asans ki nali bandd ho rahi hai",2
"thodi si fatigue",0
"spo2 drop ho raha hai breathing issue",2
"patient collapsed pulse weak 96 105",2
"chst crushng pain",2
"chti mee drd sns nhi rhi 8",2
"pulse very high 87",2
"sligtf",0
"seene mein discomfort",1
"dizziness and weaknesss ho rahi hai 89",1
"chhati dab rahi hai saans nahi",2
"chst brething problm",2
"saans nahi  le pa rahe hain",2
"fever with vomiting",1
"routine checkup",0
"patient collapse ho gaya",2
"chati mein dard sans nahi aa",2
"pulse very high aur behosh hain",2
"fever high hai boddy pain bhi",1
"tez bukhaar asrdi nahi 26",1
"chest pain itna severe hai emergency call karo",2
"normalll cold cough 96",0
"spo2 brething issue 131",2
"pulse very high unconscious 14",2
"thodi hai",0
"chst tightnss mild",1
"bukhhaar 103 koi aur symptom nahi",1
"low fever stalbe",0
"fever hai but cold nahi 3 days se",1
"slight cold 116",0
"severe chest cannot move",2
"oxygen low patient unconscious",2
"chst crushng pain",2
"mild chst pain",1
"minor stomach upset 70 27",0
"sligght fvr",0
"thakaan ho hai 24",0
"101 no runny nose",1
"fever 102 aur body mein dard",1
"thodi khansi hai 124 20",0
"hallki zukam hai",0
"low fever no cough no cold",0
"respiratory distress severe",2
"mild fever no cold",0
"chhati mein crushing dard",2
"small cut mino rinjury",0
"patient collapsed pulse weak",2
"chhoti si chot lagi",0
"persistent with fever",1
"routtine problem hai 78",0
"chest crushing pain radiaating arm 10",2
"severe breathlessnes saptient baat nahi kar pa raha",2
"chakkar aur kazmori 78",1
"pateint unconsscious oxgyn low",2
"respiratory distress severe",2
"spo2  low brtehing issue",2
"persistent fever 3 days 24 25",1
"sans lene mein dikkat ho rahi hai",1
"high fever without cold symptoms 55",1
"no amjr issue",0
"bahut zyada bukhaar hia 24",1
"behosh ho gaay pulse bahut high 111",2
"breathing slightly difficult 119",1
"mild chst pain",1
"fever hai but clod nahhi 3 days se",1
"pet thoda kharab hai",0
"sevvrr chest pain cant mov",2
"severe tightness cannot breathe 4",2
"tez bukhaar aur baadn",1
"chest discomfrt 99",1
"severe breathlessness patient baat nahi kar pa raha 133 145",2
"fever 102 no cough just body pain",1
"halki khasi hai",0
"sevr chst tghtnes cant breathe 145",2
"fever",1
"cant breth at all 97",2
"halki khas ihai",0
"saans nahi aa hai 71",2
"high fever no cough",1
"thoda bukhaar hai khansi nahi",0
"palptatons mild",1
"chest tightness cannot breathe emergency 61",2
"fevr 103 body ach",1
"uthh nnahi pa raha oxygen girra hua hai",2
"spo2 low brething issue",2
"behosh ho gaye hain",2
"sevr breathlesness",2
"severe breathlessness patient baat nahi kar pa raha",2
"oxygen low ptient unconscious",2
"sans htodi mushkli hai",1
"breathing problm mild",1
"mild sore throat",0
"paplitations mild",1
"ligth breathing prooblem",1
"routinep hai",0
"bhookh kam lag rahi hai 99 69",0
"thoda weeakness hai",0
"general ewakness feel ho rahih ai",0
"mild hedaache",0
"behosh pade hain pulse nahii aa raha 128",2
"chest mein mild pain hai",1
"bahut zyada bukhaar hai",1
"tez bukahar bnia sardi ke",1
"oxygen rapidly 99",2
"bukhaar body pain no cough no cold",1
"lihgt brething problem 55",1
"mild fever no cold",0
"halki khasi hai",0
"ersspratry distrss sevr",2
"hgh fever no cld",1
"halka body ache 26",0
"chst pin brething problm",2
"kamzori rahi hai",0
"oxgny critcal 38",2
"pateeint oxgyn low",2
"fever with body pain no cold 127",1
"fever body  pain no cold",1
"seene thodi jalan",1
"chest pain itna severe hai emergency call karo",2
"dizziness weakness",1
"slight",0
"mein bahut tez dard saans nahi 143",2
"halki saans ki taklif",1
"miled headache",0
"patient collapsed",2
"cant breth at all",2
"thakaan ho rahi hhai",0
"thodi si fatigue",0
"noroml cold cough 121",0
"mild nausea 23",0
"halki saans ki taklif 71",1
"mujhe tez bukhaar hai cold nahi hai 132",1
"behosh ho gaya pulse high",2
"spo2 low breathing issue 25",2
"bukhr fever 41",1
"sevr chst tghtnes cant breathe",2
"moderate pain",1
"sligtt efver",0
"moderate chest pain",1
"halki saans ki taklif",1
"chst tighttnss",1
"severe chest pain cannto move",2
"oxgyn critcal",2
"minor body ache",0
"cant bretth at",2
"mild chest tightness feel ho rahi hai",1
"sevr chst tightnesss",2
"mild hedaceh",0
"saans nahi aa  rahi hai",2
"oxygn low patint uncconscous",2
"minor issue hai koi nahi",0
"patient respond nahii kar oxygen low",2
"oyxgn critcl",2
"chhati dab rahi hai saans nahi",2
"pet thoda kharab hai",0
"dizzyness weakness",1
"patient hosh mein nahi hai",2
"thoda sar dard h",0
"light breatihng problem",1
"spo2 drop ho raha hai breathing issue 149",2
"oxygen low patient unconscious",2
"saans rukne wali hai 76 120",2
"chhati mein halka dard",1
"fever 102 aur body mein dard 0",1
"midl sa headache ho raha hai 27",0
"ild",1
"high fevver no",1
"slight fevr stable",0
"halka bukhar h",0
"asans ki nali band ho rahi hai",2
"saans nahi aa rahi hai",2
"slight fatiguee",0
"majr issue 27",0
"patient baat nahi kar pa raha oxygen low",2
"minor bodya che 13",0
"slight fevvr stable",0
"sliight cough no fever",0
"saans ruken wali hai 102",2
"seene halka dard",1
"saans lene mein thodi taklif 18",1
"ho rahi hai",0
"mild sa headaceh ho raaha hai",0
"persistent headache with fever 113",1
"oxygn level critcl",2
"halka bukhaar hai 108",0
"attack symptoms severe chest pain",2
"high temperatureb oddy pain",1
"spo2 80 se neeche gaya emergency 6",2
"ruotine hceckup",0
"resspiratory distress severe 47",2
"spo2 ho raha hai breathing",2
"small cut mnior injuryy",0
"cut minori njury",0
"sirf bukhaar hai cold bilkul nahi",1
"minor allergyy",0
"breathing failure",2
"chest pin brething problem",2
"bukhaar 103 koi aur symptom nahi",1
"patient baat nahi kar pa  raha oxygen low 130",2
"breathing problm mild",1
"halki fever hai sardd inahi",0
"lena impossible ho raha hai 59",2
"mlid chest tightness feel ho rahi hai",1
"slight cold hai",0
"bbehosh ho gy pulse high",2
"vfer without",1
"fever without cold 2 din",1
"fever 102 no just body pain 74",1
"fvr 102 body pin",1
"genral weaeknss",0
"imld hedche",0
"dizziness and weakness ho rahi hai",1
"hgh fever no cld 83 57",1
"high bdoy pain",1
"tez bukhaar sardi nahi",1
"pulse bahut fast hai behosh hain",2
"tightnss mild 50",1
"te zbukhaar aur baadan dard",1
"bukhaar high fever",1
"mild fever no cold",0
"norml cold cough",0
"seene mmein itna adrd ki hilna mushkil",2
"oxygen dropping rapidly",2
"chhati mein crusihng dard",2
"mild shortnes of breath 116 144",1
"no complaints",0
"low ptient unconscious",2
"no complaints",0
"chest pin brething problem 66",2
"fvr high no cclld",1
"general waekness feel ho rahi hai",0
"fevr 103 body ach",1
"behosh ho hain",2
"fvr high no cld",1
"behosh ho gy pulse high 33",2
"neend rahi",0
"no majr issue",0
"halka bukhar h 67",0
"dizziness whiel standing",1
"halka bukhar hh",0
"badan garm hai khansi nahi",1
"slight nose",0
"chst crushng pian",2
"heart attack symptoms severe chhest pain",2
"oxygen level critical",2
"fvr 101 headach 54",1
"hig hfvr bina khansi ke",1
"bukhr high feever 28",1
"mild naussea",0
"sans thodi mushkil hai",1
"generel weakkness 98",0
"shortnes of breath",1
"chhoti si lagi",0
"slight cough no fever 46",0
"seene mein itna dard ki hilna mushkil",2
"saans nahi le paa rahe",2
"bahut  zzyada bukhaar hai",1
"mild on exertion",1
"mild headache hor aha hai",0
"chestt pain breathing problem 76",2
"ffever no other symptoms",1
"continnuos fever",1
"spo2 below 90 emergency 136",2
"buhkaar high fever",1
"mild shortnes of 30",1
"severe breathlessness patieent baat nahi kar pa raha",2
"bahut zyada bukhaar hai",1
"fever 102 body",1
"fever without 3 dayss",1
"halka bukhar h 101",0
"thodi kamzori 93",0
"bukhaar nahi bas kamzori",0
"neend nahi aaa rahi",0
"bukhar tez h sardi nhi",1
"mild sore thrroat",0
"miild",1
"fever stable",0
"bukhaar bahut zayda hai",1
"silght fvr",0
"hosh nahi aa raha pulse zyada 135 124",2
"slight cough no fever",0
"chhati mein halka dard",1
"thoda weakness hai 48",0
"emergency unconscious  patient",2
"bukhaar nahi bas kamzori",0
"severe chest pain hai saans nahi aa rahi",2
"normoll cold cough",0
"fvr 102 body pin",1
"severe breathlessness patient baat nahi kar pa raha 93",2
"slight fatigue",0
"slight fever 85",0
"pateint uncosncious oxgyn low",2
"severe chest pain cannot move",2
"high fvr  bina khansi ke 83",1
"normall coldc ough 4",0
"chest mein mild pain hhai",1
"fever with body painn no cold",1
"bohot tez dard saans ruktee ja rahi",2
"general weakness feel ho rahi hai",0
"slight ffvr",0
"thodi kamzori 1466",0
"sveere chest pain cannot move",2
"bukhaar nahi bas kamzori",0
"severe chest tightness cannot breathe emergency",2
"high feve rno ocugh",1
"behosh ho gaya pulse bahut high 10",2
"no majjr issue",0
"mild headche",0
"sirf zukam hai bukahar nahi 50",0
"uthh nahi pa raha oxygen gira hua hai 65 2",2
"sans lene mein thodi problem",1
"fvr high no",1
"bukrh high fever",1
"thoda sar dard h",0
"hosh nahi hai",2
"miled headache",0
"sans lene mein dikkat ho rahi",1
"hosh nahi aa raha pulse zyada",2
"pulse very high unconscious 126",2
"fevr stable",0
"thoda saar dard h",0
"baadan garm hai khansi nahi",1
"mild hecdhe 106",0
"behosh ho g ypulse high",2
"mild 13",0
"chhati mein bahut tez dard saans nahi 119",2
"sirfz ukam hai bukhaar nahi",0
"buhkar tez h sardi nhii",1
"nahi aa rahi",0
"mild hedche 16",0
"thodi kamzori",0
"behosh ho gaya pulse high",2
"continuous fever since 2 days",1
"mild sa headache ho raha ahi",0
"moderate fever wiith chills",1
"high fvr khansi ke",1
"genrl weknesss",0
"chesst pain  breathing problem",2
"emergency hai patient collapse ho gaya",2
"pulse bahu tfast hai beehosh hain",2
"sevr pain cant mov",2
"chest discomfort",1
"saans lena  impossible ho raha hai",2
"behosh pade hain pulse nahi aa arha 141",2
"thodi si fatigue",0
"normol cold cough",0
"oxygn low patit nunconscous",2
"high fever with body ache",1
"thoda sa sir drad",0
"halka bukhar h",0
"oxygen mask chahiye jaldi",2
"spo2 low brething issue",2
"severe chest tightness cannot breathe",2
"mild shortnness of breath 14",1
"chesst crushing pain ho rahi hai",2
"low grade fever 19",0
"spo2 drpping emergeny",2
"patient not breathing properly",2
"genrll wekness",0
"spo2 below 90 emergency 43",2
"mild chest tightness feel ho rahi hai",1
"unresponsive low oxygen",2
"moderate chestt paiin",1
"sans lene mein thodi probllem",1
"chest tightness mild",1
"mlid hedaache 19",0
"breathing thodi difficult ho rahi hai",1
"tez bukhaar hai zuukam naahi",1
"halki zukam hai",0
"efver high hai body pain bhi",1
"seene mein halka",1
"heart attack symptoms severe chest pain",2
"severe breathlessness cannot speak",2
"unresponsive lowo xygen",2
"breathing slighlty difficult",1
"dizziness nd wekness",1
"chti me drd sns nhi rhi",2
"severe breathlessness cannot speak 149",2
"general 35",0
"halkab ukhaar hai",0
"tezz hai zukam nahi",1
"mild chest tightness feeel ho rahi hai",1
"perssitent fever 3",1
"mild chest pain",1
"kamzori lag rahi hai",0
"seerve breathlessness cannot speak",2
"oxygen mask chahiye jaldi",2
"halka bukhar h",0
"severe chest pain hai saaans nahi aa rahi",2
"hgh fveer no",1
"sans thodi mmushkil hai",1
"wekness 60",0
"saans ki nali band ho rahi hai",2
"pateint unconscoiuso xgyn low",2
"critical condition hai oxygen low",2
"bukhaar ke saath ulti 120",1
"fatigue",0
"tthodi si fatigue",0
"normall cold cough",0
"mild",0
"oxygen dropping rapidly",2
"mild sa headache ho raha hai",0
"fever 102 no cough just body pain",1
"pateint uunconscious oxgyn low",2
"bukhaar ke saath ulti",1
"badan mein bahut dard hai bukhaar ke saaath",1
"patient respond nahi karr aha oxygen low 134",2
"bukrh high fever",1
"chst apin",1
"sligt fever 28 9",0
"mild breathlesness",1
"mujhe bukhaar h khansi nhi h",1
"tez bukhaar hai zukam nahi 145",1
"thoda weakness hai 30",0
"thodi muskhil hai",1
"chest tightness mild",1
"chest tightness",1
"breathing slighhtly difficult 136",1
"nahi pa rah aoxygen gira hua hai",2
"sevr breathlesness",2
"thoda sar dard h",0
"oxygen low hai patient unconscciuos",2
"spo2 below 90 emergency",2
"3  din se bukhaar nahi ja raha 26",1
"chest crushing pain radiating",2
"spo2 low brething isue 59 78",2
"chti me drd sns nhi rhi",2
"bukhaar body pain no cough no cold 84",1
"severe chest hai saans nahi aa rahi",2
"light breathing problem",1
"chest crushing pain ho rahi hai",2
"slight cold",0
"mild",0
"chhati mein halka dard",1
"chest crushing pain radiatingg arm",2
"fvr 011 headach 38",1
"cold",0
"slgiht fatigue 109",0
"behoshh og aye hain",2
"fver without  cold",1
"critcl",2
"uthh nahi pa raha oxygen gir ahua hai",2
"respiratory distress seevere 129",2
"halki khasi",0
"severe chest pain hai saans nahi aa rahi",2
"pulse bahut fast ahi behhosh hain",2
"emergency unconscious patient",2
"chaati me dard saans nahi aa rahi 43",2
"fever 101 headache",1
"persistent feevr 3 days 68",1
"sirf zzukam hai bukhaar nahi",0
"oxygen critical pe hai",2
"severe chest pain acnnot move 117",2
"persistent fever days",1
"unresponsive low oxygen 127",2
"spo2 drop ho raha hai rbeathing isssue",2
"high fever no",1
"patient not breathing properly",2
"fever without cold 3 days",1
"sligt fever",0
"and weakness",1
"seene mein halka dard",1
"severe chest tightness cannot breathe emergency",2
"emergency hai patient collapse ho gaya",2
"neend nahia rahi",0
"oxygn levvelc ritcl",2
"oxygen bahut kam hai",2
"cehst pain",1
"patient hosh mein nahi hai",2
"respratry distrss sevr",2
"seene meein thodi jalan",1
"bukhaar 102 khansi nahi",1
"heart attack symptoms severe chest pain",2
"chhati bahut tez dard saans nahii",2
"halki zukam hai",0
"seene mein thodi jalan",1
"sans lene mein dikkat ho rahi hai",1
"patient collapsed",2
"heart attack symptoms severe chest pain 103 111",2
"dizzziness nd wekness",1
"thoda sar dard h",0
"ooxygen critical pe hai",2
"chest tightness mild",1
"oxygen low patient unconscious",2
"fever 101 no runny nose",1
"routine checkup 45",0
"chestt crushing paain radiating arm",2
"chst ppin brething problm",2
"fever hai but cold nahi 3 days  se 133",1
"slight fevr stable 111",0
"mild sa bukhhar h stable h",0
"bukhaar hai khansi nahi",1
"bbadan garm hia khansi nahi",1
"persistent headache wiith fever",1
"halki khasi hai",0
"fever 101 headache1 37",1
"no major issue 113 60",0
"slight fevr stable 126",0
"sligh tfvr 70",0
"generel weakness",0
"no majr issue",0
"badan garm hai khansi nahi",1
"cant breth at all",2
"no complaints",0
"saans lenah o raha hai",2
"behosh ho gaye hain",2
"seene mein dard ki hilnam ushkil",2
"fever 102 aur body mein dard",1
"modrte chestp ain 102",1
"slght fveer staable",0
"seen emein thodi jalan",1
"oxygeng ri raha hai patient unconscious hai",2
"halki fever hai sardii nahi",0
"sirf halka bukhaar hai cold nahi",0
"chest crushing pain radiatin garm",2
"oxygen level gir rah aahi",2
"continuous fever since 2 days",1
"no mjor",0
"emergency hai patient collapse ho gaya 28 37",2
"pet thoda hai 58",0
"saans nahi le pa rah ehain",2
"dizziness and weakness ho rahih ai 140",1
"patient unconscious not responding",2
"chhati mein bahut etz dard saans nahi",2
"chst tightnss mild 96",1
"patient not breathing",2
"emergency unconscious ppatient",2
"chti me drd sns nhi rhi",2
"thodi khansi hai",0
"sirf halka bukhaar hai cold nahi",0
"sirf zukam hai ubkhaar",0
"sans lene mein thodi problem",1
"normal cold cough",0
"chest crushing pain radiating 125",2
"light breathing problem 49",1
"esvr chstt ghtnes cant breathe",2
"seene itna dard ki hilna mushkil",2
"chhati mein crushing dard 40",2
"saans nahi aa rahi hhai",2
"respratry distrss sevr",2
"mild nauusea",0
"weakness 50",0
"oxygen mask jaldi",2
"saans nahi le pa rahee hain 69",2
"routine problem hai",0
"severe chest pain cannot move",2
"generel 3",0
"mild nausea",0
"while standing",1
"mild sa bukhar h stabl eh 52",0
"slighht fever stable 92",0
"high temperature body pain",1
"mild sore throaat 102",0
"low fever stable",0
"tez bukhaar aur badan dard 61",1
"emergency hai patient collapse ho gaya",2
"chest tightness mild",1
"oxygen mask chahiye patient unconscious",2
"pet mein thoooda dard",0
"breathing thodi difficult ho rahi hai 118",1
"bukhaar hgh  fever 130",1
"allergy",0
"chest mild",1
"behosh ho gaya pulse bahut high 19",2
"oxygen level critcail",2
"spo2 drppin gemergeny 110",2
"fever 102 couhg just body pain",1
"high fvr bina khansi ke",1
"hosh nahi aa pulse zyada",2
"mild hedche 118",0
"fever without coold 3 days",1
"patient ohsh mein nahi hai 95",2
"routine checkup",0
"mild breathllessness exertion",1
"chest crushing ho rahi hai",2
"bukhaar hai khansi nahi",1
"modrte chest pain 100",1
"normol cold cough",0
"nno major isssue",0
"feverw cold 3 days",1
"hosh nahi aa raha zyada",2
"fever with body pain no cold",1
"chst cruhsng pain 1",2
"discomfrt",1
"bukhaar nahi bas kamzori",0
"critical condition hai oxygen low",2
"102 boyd pin",1
"mild hedche",0
"oxygen low ptient unconscious",2
"generl weknness 44",0
"snas thodi  mushkil hai",1
"behosh pade hain pulse nahi aa raha",2
"chest crushing pain ho rahi hai 99",2
"mask jaldi",2
"mild chest pain",1
"bukhaaar zyada hai",1
"thoda bukhaar hai khansi nahi",0
"mild fever no codl 7",0
"high fever without cold symptoms 55",1
"halki zukam",0
"critical breathing",2
"behosh hog aya pulse bhaut high",2
"severe breathlessness patient baat nahi kar pa raha",2
"dizzyenss weakness",1
"bukhhaar nahi bas kamzori",0
"dicsomfort ho raha hai",1
"bukhaar body pain no cough no cold",1
"mild chest tightness feel ho rahi hai 100",1
"cnontinuos fever",1
"major issue 4",0
"bahut zyada bukhaar hai 63",1
"mild tightness feel ho rahi hai 97",1
"patient hosh mei nnahi hai",2
"mild breathlessness on exertion 41",1
"saans nahi aa rahi hai",2
"mujheb ukhaar h khnasi nhi h",1
"patient not breathing properly",2
"badan garm hai khansi nahi",1
"spo2 low brething issue 119",2
"minor allergy",0
"behosh ho gaya pulse high 47",2
"no",0
"chest discomfrto mild",1
"pet kharab",0
"persistent fever 3 dasy 146",1
"behosh ho gaya pulse high 13 23",2
"behosh ho gy pulse high",2
"mild feverr without cold",0
"fever 101 runny nose",1
"tez bukhaar aur badan dard",1
"fvr high no cld",1
"mild sa bukhar h stable h",0
"fever with body ache 137",1
"seene mein halka dard",1
"oxgyen critical level pe hai",2
"halka bukhar h",0
"no majr issue",0
"halki saans ki taklif 132",1
"slight cold hai",0
"condition hai oxygen low",2
"bukhaar haii khansi nahi",1
"bhookh kkam lag rahi hai",0
"cannnot breathe at all",2
"oxygen ccritical level pe hai",2
"braething problm mlid",1
"miled headache",0
"sevr chst tightness",2
"kamzori lag rahi hia",0
"halki hkasi haii",0
"oxygen low patient unconscious 82",2
"thodis i fatigue",0
"oxygn low patint unconscous",2
"fvr 102 body pin",1
"mild 33",1
"breathlesness",1
"saans ki band ho rahi hai",2
"halkki zukam hai",0
"efver 102 aur body dard",1
"dizziness and weakness ho rahi hai",1
"breth a tall",2
"resrpatry distrss esvr",2
"severe chest tightness cannot breathe emergency 143",2
"normal uzkma",0
"chhati mein bahut tez dard saans",2
"fever high hai body pain bhi 124",1
"oxygen mask chahiye jaldi",2
"fever 102 no cold just weakness",1
"tigthness mild",1
"heart attack symptoms severe chest pain",2
"chst tightnss mild",1
"chest",1
"kamzori lag raahi hai 103",0
"minor stomach 59",0
"bukhr high fever",1
"milds a bukhar h stable h",0
"saans rukne wali hai",2
"pulse very high unconscious",2
"severe chest pain cannot move 61",2
"severe chest tightness cannot breathe emergency",2
"persistent headache with fever",1
"seevr chst tigthness",2
"pet mein thoda dard 114",0
"bukhaar ke saatth",1
"generel weakneess",0
"bukhaar hgh 146",1
"mild breathlesssness on exertion",1
"bukhaar nahi bas kamzori 125 18",0
"halka bukhar h",0
"halki saans ki taklif",1
"high fever",1
"sligt fever 96",0
"mild heddaache",0
"emergency unconscious patient",2
"severe breathlessness cannot speak",2
"sevr chst 102",2
"mild nausea",0
"saans ki nali band hor ahi hai 79",2
"sirf zukam hai bukhaar nahi",0
"chakkaar aa rahe haiin",1
"chest discomfort mild",1
"mild sa headache ho raha hai",0
"halka bukhaar hai 16",0
"thodi kamzori",0
"thodi si fatigue 31",0
"pateint unconscious oxgyn low",2
"fever withoutt cold 3 days",1
"patientt baat nahi kar pa raha oxygen low",2
"spo2 low brething issue 18",2
"low fever no cough no colld",0
"spo2 drrpping emergeny",2
"oxxygen low patient unconscious",2
"bukhaar hai khansi naahi",1
"fever aurb ody mein dard",1
"seene mein halka dard1 7",1
"fever 1002 aur body dard",1
"thhoda sa sir dard",0
"fever 103 no other symptoms 45 58",1
"mild fever cold",0
"saans rukne wali hai 126",2
"chakkar aa rahe hain",1
"breathlessness speak",2
"cchest mein mil dpain hai",1
"oxygen mask cahhiye patient unconscious 132",2
"egneerel weakness",0
"slight fatigue",0
"cant rbeth at aall",2
"chhoti si chot lagi",0
"pateinnt unconscious oxgyn low",2
"severe chest pain cannot moev 83",2
"chest crushing pain raditaing arm",2
"respratry distrss sevr",2
"chhati dab rahi hai saans 40",2
"cannot breathe at all",2
"khansi hai",0
"spo2 low brethinng issue",2
"miled",0
"minor issue hai koi badi abat nahi 111",0
"slight codl hai",0
"chst tightnss",1
"mild chest pain",1
"midl chst pain",1
"oxygn level ccritcl 43",2
"unresponsive low oxygen 37 125",2
"thodi si",0
"normol cold cough",0
"fever with vomiting",1
"generl",0
"slight feveer stable",0
"fevr stable",0
"thoda sar dard h",0
"sevvr chst tightnses",2
"slight cough no fever",0
"mild",0
"heddaache",0
"chest pain breathing problem 143",2
"behosh ho gaya pulse high",2
"small cut minor",0
"mil dhedache",0
"omderate cchest pain",1
"cannot breathe at all",2
"oxygen dropping rapidly",2
"thakaan ho rahi 41",0
"bukhaar fever",1
"patient respond naih kar raha oxygen low",2
"oxygen mask chahiey patient unconscious",2
"pulse very high unconscious",2
"badan hai khansi nahi",1
"low fevver stable 58",0
"grade fever 135",0
"sans lene mein dikkat ho rahi hai",1
"fevr 1033 body",1
"thoda bukhaar hai nahi",0
"fever hai sstable hai",0
"thoda sar dard h",0
"mild breathlessness on exertion",1
"chest 23",1
"mild sore throat",0
"allergy 122",0
"saans bilkul nahi aa rahi emergency hai",2
"oxygen level gir raha hai 26 7",2
"mild hedche",0
"tez bukhaar aur badan dard",1
"chest mein bahut tez dard saaans ruk rahi",2
"neend nhai aa rahi 80",0
"generla weakness feel ho rahii hai",0
"fever hai sardi nahi",0
"generrl wkeness",0
"sirf haai bukhaar nahi",0
"critical condition hai oxygen low",2
"normall cold cough",0
"chti me drd sns nhi",2
"continuous fever since 2 days 89",1
"wihtout cold 3 days",1
"behosh ho gaya pulse  bahut high",2
"grade fever 29",0
"general weakkness feel ho rahi hai",0
"oxygen low hai patient unconscious",2
"hosh nahi aa raha pulse zyada 18 3",2
"thodi kamzori",0
"mild chst pain",1
"chhati dab rahi hai saans nahi",2
"genrl wekness",0
"breathing problm mild",1
"heart attack syymptoms severe chest pain",2
"oxygen low unconscious",2
"fever 102 aur body mein dard 122",1
"noraml cold",0
"behosh ho gy apulse hgh",2
"fver withoout",1
"imnor body cahe",0
"chhati dab rahi hia asans nahi",2
"halka bukhar",0
"mild nausea",0
"behohs ho gaye hain",2
"saans impossible ho rahah ai",2
"patitent respond nahi kar raha oxygen low",2
"chhoti si cchot lagi",0
"seen emein discomfort 39",1
"routnie checkup",0
"mild fever no cold",0
"kamzori lag rahi",0
"thoda sa sir dard",0
"dizziness feel ho raha hai 117",1
"bukhaa rhgh fever 78",1
"chaati me darrd saans nahi aa rahi",2
"miled headache 73",0
"bhookh kam lag rahi hai",0
"miild",0
"low grade  fever",0
"breathlesness",2
"patient hosh mein nahi hai",2
"uthh nahi pa raha oxygen gira hua hai",2
"imld chst pain",1
"emergenncy hai patient collapse ho gyaa",2
"halka sa body ache 107",0
"minor issue haii koi badi baat nahi 100",0
"oxygen low ptient unconsscious",2
"si fatiggue",0
"high no colld",1
"breathing slightly",1
"fvr 102 body pin",1
"saanss lenaa impossible ho raha hai",2
"mild fevern  ocold",0
"oxygen low patient unocnscious 36",2
"uthh nahi pa raha oxygen gira hua haii",2
"mild chhest pain",1
"bukhaar ke saath ulti",1
"mildh edche",0
"high temperatture body pain",1
"bukhaar hgh fever 107 117",1
"tez bkuhaar sardi nahi 54",1
"mild sohrtness of breath",1
"slight runny nose",0
"no mjor issue",0
"high fvr bina khansi ke",1
"mild throat",0
"sans thodi mushhkil hai 144",1
"chest crushing pain ho rahi hai 90",2
"chest pain itna severe hai emergency call karo",2
"chest discomfort mild",1
"eprsistent headache with fever 103",1
"badan garm hai khasni",1
"sevr chst tightness",2
"halki hai",0
"tez hs ardi nhi",1
"uplse very high unconsciious",2
"patietn unconscious not respondding",2
"respiratory diistress severe 8",2
"sans lene mein thodi problem",1
"thoda fever hai stable hai",0
"uthh nahi pa raha oxygen gira hua hai",2
"bukhr high fever",1
"patient respond nahi kar raha oxygen low 120",2
"chest crushing pain ho rahi hai",2
"high wihtout cold symptoms",1
"chati mein dard sans nahi aa rahi",2
"chati meeind ard sans nahi aa rahi",2
"bukhaar hai khansi nahi",1
"dizzyness weaknesss",1
"slight cough no fever",0
"bukhaar body pain no cough nno cold",1
"saans bilkul nahi  aa rahi emergency hai 4",2
"not breathing properly",2
"sir meein halka dard",0
"severe chest pain hai saans nahi aa rahi",2
"bukhaar bahut zyada hai",1
"severe chest pain hai saans nahi aa rahi",2
"palptatons mild 127",1
"sspo2 low brething isue",2
"patient collapsed 29",2
"majr issue",0
"chhoti si chot lagi",0
"3di nse bukhaar nahi ja raha",1
"bohot tez ddard saans ruktee ja rahii",2
"hosh nahi aa raha pulse 24",2
"persistent fever 3 days",1
"tez bukhaar hai zukam nahi 115 41",1
"kamzori llag rahhi hai",0
"seene mein thodij alan",1
"sans lene mein thodi problem",1
"uthh nahi pa raha oxygen gira hua",2
"hlaka bukhar h 34",0
"mujhe h khansi nhi h",1
"chest pain itna seveer hai emergencyy call karo",2
"thodi khansi hai",0
"bukhaar hai khanis nahi",1
"unrespponsive oxygen",2
"bukhaar 101 sir dard",1
"emergency collapse ho gaya",2
"bahut zyada bukhaar hai",1
"pulse bahut fast hai behosh hain",2
"chhoti si chot lagi",0
"chati mein dard sans nahi aa rahi",2
"chst mild 8",1
"halka bukhar h 111",0
"fever 102 bod ypain",1
"generl wekness",0
"modearte chest pain",1
"emergency unconscious patient 17 110",2
"chestt crushing pain ho rahi hai",2
"pulse bahut fast hai behosh hain",2
"halki khasi hai 136",0
"pet mein thoda adrd",0
"bohot tez dard saans ruktee ja rahi",2
"fver wtihout cold",1
"kamzori lag rahi hai 34",0
"mild pain 109",1
"no major",0
"fever 101 headache",1
"collapseed",2
"runyn nose",0
"halki saans ki taklif",1
"behosh ho gaya pulse high",2
"slight aftigue",0
"cnotinuous fever since 2 days 71",1
"chest tightness midl 15",1
"sirf halka bukhaar hai cold nahi",0
"chest pain breathing problem",2
"minor stomach upset",0
"palpittaions mild",1
"genearl weakness",0
"tez zbukhaar bina sardi ke",1
"breathing problm mild",1
"fvr 101 headach 39",1
"puulse very high aur behosh hain 72",2
"patient hosh mein nahi hai",2
"pallpitations mild",1
"no compalintts",0
"behosh  ho gaye hhain",2
"oxygn low patint",2
"spo2 drpping emergeny",2
"fevr 013 body ach 138",1
"chhati mein dard",2
"cheest crushing pain ho rrahi hai",2
"thoda bukhaar khansi nahi",0
"persistnt headache fever",1
"ggernal weakness",0
"routine checkup 42",0
"spo2 droop ho raha hai breathing issue",2
"halka bukhaar hai",0
"mein bahtu tez dard saans nahi",2
"genrl wekness 146",0
"palptatons mild 114",1
"behosh ho gya pulse hgh 1123",2
"fvr 101 ehadach",1
"fver without cold",1
"oxgyn circtal",2
"slight cold hai",0
"bahut zyada bukhaar 141",1
"fever 101 headache",1
"cant breth at all",2
"below 90 eemergency",2
"severe chest pain hais aans nahi aa rahi 49",2
"spo2 low brething isue 107 123",2
"high fever without cold symptoms 94",1
"light brething problem",1
"10 2body pin",1
"chha timein halka dard",1
"behosh ho gya pulse hgh",2
"majorr problem hai",0
"ffver without cold",1
"minor issue hai koi badi baat nahi",0
"slight fevr stable",0
"oxygn low patint unconscous",2
"continuous fevers ince 2 days 55",1
"sirf zukam hai bukhaar nahi",0
"kamzori lag haai",0
"uthh nahi pa raha oxygen gira hua hai 142",2
"mildd shortnes of breath 66",1
"aa rahee hain",1
"pulse bahut afst  hai behosh hain",2
"on majr issue",0
"saans ki nali band rahi hai",2
"continuous fever since 2 days",1
"midl shortnes of breath 37",1
"low fever no cough no cold",0
"mild chest tightness feel ho rahi hai",1
"mild",0
"sans lene mein thodi problem",1
"patient collapse gyaa",2
"hcest discomfort ho raha hai",1
"low fever no cough no cold",0
"isr halka dard",0
"severe chets pain hai saans nahi aa rhai",2
"headcahe",0
"uthh pa raha oxygen gira hua hai 75",2
"oxygen patient unconscious",2
"fever 102 bdyo pain",1
"tez bukhaar bina sardi ke",1
"moderate fever with chills",1
"diizziness nd",1
"miled headache",0
"hcest tightness mild",1
"oxygen low ptient unconscious",2
"collapse ho",2
"seevre chest pain hai saans nahi aa rahi 107",2
"severe chest pain hai saans snahi aa rahi",2
"chakkar aa rahe hain",1
"hdeaache",0
"neend nahi aaa rahi",0
"minor issu ehai koi badi baat nahi 87",0
"oxygn level critcl",2
"oxygen gir hai patient hai",2
"pateint unconscious oxgyn low",2
"small cut  minor injury 125",0
"chahti mein halka dard 96",1
"with vomitiing",1
"3 din se bukhaar nahi ja raha",1
"patient collapsed",2
"mild breathlessness on exeertion",1
"severe chest tightnes scannot breathe 124",2
"oxgyn critcal  85",2
"tez bukhaar hai zukam nahi",1
"slight no fever",0
"hgh fever no 50",1
"kammzori lag rahi hai",0
"chest tightness mild 144",1
"slight fvr",0
"no issue",0
"geenerl wekness",0
"severe breathlessness patient baat nahi kar pa raha",2
"oxygn level critcl 14 120",2
"behosh ho gaya pulse high",2
"breathing slightly difffiuclt",1
"minor upset",0
"no majr issue",0
"halka bukhar h",0
"puls vr yhgh unconsious",2
"sans lene mein thodi problem",1
"puls vry hgh unconsious 61",2
"generel weakness",0
"3 din se bukhaar raha",1
"chtai mein dard sans nahi aa",2
"bukhaar 3 din se hai",1
"puls vry hgh unconsious",2
"sop2  80 se neeche gaya emergency",2
"mild nausae",0
"behosh pade hain mushkil se aa rahi",2
"mild fever no cold 79",0
"emergency hai patient collapse ho gaya",2
"halka sa body ache",0
"mild sa raha hai",0
"high fever no cold 128",1
"sirf halka bukhaar hia cold nahi",0
"chhotti si chot lagi",0
"small cut minor injruy 138",0
"miled headache 49",0
"breathing problm mild",1
"pulse bahut fast hai behosh hain",2
"fever wiht voimting",1
"no mjor issue",0
"mild breathlessness on exertion",1
"pulse bahut fast hia behosh",2
"badan garm hai khansi nahi",1
"bukhaar high fever 10",1
"halki fever hai sardi nahi",0
"spo2 low brething issue 64",2
"oxygen critical level hai",2
"sevr cant breathe",2
"patient hosh mein nahi hai",2
"chaati me dard saans nahi aa rahi",2
"mild shortneso f breath 44",1
"slitg fever",0
"chst crushng apin",2
"dizziness while standing",1
"emergency unconscious patient",2
"bukhaar hai khansi",0
"urnesposnive low oxygen",2
"neend nahi aa rahi",0
"problm mild 46",1
"bukhaar hai pr khansi  nahi 62",1
"saans nahi aa rahi hai",2
"critcal",2
"respratry distrss sevr",2
"genral weakness 114 69",0
"halki khasi hai",0
"chakkar aur kamzori",1
"vfr",0
"no mjaor problem hai",0
"minor stomach upset",0
"chest crushing pain radiating 123",2
"mild shortnes of berath",1
"behosh pade hain pulse nahi aa raha",2
"mmilld nausea",0
"paitent hosh mein nahi hai",2
"bahut bukhaar hai",1
"bahut zyaada bukhaar hai 36",1
"mildd hedche",0
"pulse very high aur behosh hain 98 73",2
"chest discomfort mild 130",1
"high fever no cough",1
"chti me drrd sns nhi rhi",2
"oxygen mask chahiye jaaldi",2
"efver with body pain no cold 123",1
"pateinnt oxgyn low",2
"patient pulse weak",2
"midl chest tightness feel ho rahi  hai",1
"mild breathlessness on exertttion",1
"fvr 102 body pin",1
"sevr chst tghtnes cannt breathe 77",2
"fever without 3 days",1
"behosh pade hain saans mushkil se aa rahi",2
"continuos fever",1
"bohot dard saans rukktee ja rahi",2
"palptatons mild",1
"high fever with body ache",1
"kamzori lag rahi hai",0
"sevr chst tghtnes cant breathe",2
"genrl wekness",0
"mil",0
"bkuhaar 102 khansi nahi",1
"minor stomach upset",0
"saans ki nali band ho rahi",2
"mild 14",0
"critical rbeathing failure",2
"unconscious not responding 132",2
"bhoko hkam lag rahi hai",0
"mild",0
"pet thhoda kharab hai 102",0
"halka sa body ache 132 21",0
"sirf zukam hai bukhaar nahi 23",0
"distrss sevr",2
"sirf halka bukhaar hai cold nahi",0
"dizziness weakness 71",1
"3 din se hai",1
"emeregncy unconsciouus patient",2
"chest brething problem",2
"hosh nahi aa raha pulse zyada 112",2
"no mjor issue",0
"low feevr no cough no cold",0
"oxyge nmask chahiye ajldi",2
"bukhar tez hs ardi nhi 35",1
"dizziness and weakness ho rahi hai 148",1
"halki zukam hai",0
"spo2 bbelow 90 emeergency",2
"hakli saans ki taklif",1
"oxygen low patient unconscious",2
"fever without cold 2 din se",1
"severe chest tightness cannot breathe emergency",2
"sevrr breathelsness",2
"high fever no cold",1
"slight",0
"behosh ho gya  pulse hgh",2
"thoda weakness hai",0
"fevr 103 body ach",1
"imld sa bukhar h stable h 45",0
"severe chest tightness cannot breathe emergencyy",2
"mild sa hheadachhe ho raha hai",0
"behosh pade hain pulse nahi aa raha",2
"milld headache",0
"low feveer stable",0
"no major isssue",0
"saans nahi lep a rahe hain 28",2
"slight fevr stable",0
"severe chest tightness cannot emergenyc",2
"fever 012 no couhg just body pain",1
"respratry distrss sevr",2
"bhookh kam lag rahi hai",0
"oxxygen low ptient unconscious",2
"breathing prolbm mild 11",1
"generel",0
"heart attack ysmptoms severe chest pain",2
"badan mein bahut dard hai bukhaar ke saath",1
"sevr pain mov",2
"low fever no cough no cold",0
"severe breathlessnesss patient baat nahi kar raha",2
"chhoti si chot",0
"cannot breathe at all",2
"bukhaar high fever 110",1
"dizziness and weakness",1
"dizziness wekaness",1
"mild hedaache",0
"dizziness and weakness",1
"patient unconscious not responding 138",2
"chhati   dab rahi hai saans nahi",2
"severe patient baat nahi kar pa raha",2
"thoda sa sir dard",0
"pet kharab",0
"spo2 80 se neeche gaaya emergency 128",2
"bukhaar hai khanis nahi 57",1
"high fever no 46",1
"bukhaar  3 din se hai",1
"oxygen low patient unconscious",2
"palpitations mild",1
"bukhaar bahut zzyada hai 129",1
"weakneess hai",0
"low fever stable",0
"persistnt headache fever",1
"no compplaints 20",0
"mild chst  pain",1
"thoda sa sir dard",0
"chhoti si chot lagi 85",0
"persistent headache fever",1
"no mjjor issue",0
"oxygen mask chahiye jaldi",2
"mild fever no cold",0
"emergency hai patiient collapse ho gaya",2
"brething problem",2
"oxygen low ptient unconscious",2
"sever echest tightness cannot breathe",2
"thhodi kamzori 136",0
"mild fever no",0
"mmujhe bukhaar h khansi nhi h 58",1
"severe breathlessness patient baat nahi kar pa raha 89",2
"normol cold cough",0
"behosh pade hain pulse aa raha",2
"patient hosh mein hai 89",2
"no issue",0
"fever 102 aur body mmein dard",1
"unresponsive lwo oxygne",2
"low fever no cough no cold",0
"patient not breathing properly 7",2
"unconscious oxgyn low 149",2
"badan mein bahut dard hai bukhaar ke saath",1
"noi ssue",0
"thodi kamzori",0
"slightt cough no ffever",0
"102 feverrr no cold",1
"ligh t cold",0
"buhkaar bahut zyada hai 42",1
"patient 124",2
"high fvr bina khansi ke",1
"fever without cold 3 daays",1
"severe chest saans nahi aa rahi",2
"fever 101 ehadache",1
"small cut minori njruy",0
"emergency unconscious patient",2
"sevr chst tghtnes cant breathe",2
"chest mein mild pain hai 100",1
"mild sa bukhar h stable h",0
"chst tigthnnss mild",1
"sop2 low breathing issue",2
"chest discomfort mild 55",1
"normol cold cough",0
"norml cold cccough",0
"general weakness feel ho rahi hai",0
"tightness cannot breathe",2
"chest pain itna severe hai emergency call karo",2
"high temperature body",1
"behosh pade hain pulse nahi aa raha",2
"mild hedche",0
"chhati mein halka dard",1
"high fever no ccold",1
"mild shortnes of rbeath",1
"khasi hai",0
"dizzniess and weakness ho rahi hai 106",1
"sirf halka bukhaar hai cold nahi",0
"normall cold cough 38",0
"hoshn ahi aa pulse zyada",2
"normol cold cough",0
"thoda bukhaar khansi nahi",0
"sir mein halka dard 62",0
"chest mein bahut tez dards aans ruk rahi",2
"bukhaar high fever",1
"low brething isue 136",2
"no mjor issuue",0
"dizziness feel ho raha hai 139 60",1
"saans lene mein thodi",1
"issue hai koii badi baat nahi",0
"sevr breathlesness1 36",2
"rooutine checkup",0
"dzizyness weakness",1
"cant at all",2
"fever without cold 3 days",1
"seene mein itna dard ki hilna",2
"routine probblem hai",0
"oxygen low hai patient unconscious",2
"tthodi si",0
"spo2 drop ho raha hai breaathing issue",2
"norml cold cough 105 60",0
"halki fever hai sardi nahi",0
"continuos fever",1
"saans nahi le pa rahe hain 26",2
"oxygen dropping rapidly",2
"behosh ho gaya pulse high",2
"bohot tez dard saans ruktee ja rahi",2
"minor stomach upsset 49",0
"patiient collapsed",2
"fever with vomiting",1
"minorr stomach upset 99",0
"slight runyn nose",0
"slight hai",0
"dizziness nd wekenss",1
"bukhaar 3 din se hai",1
"spo2 low brething isue",2
"thoda sar dard h",0
"slight codl haai",0
"tohda bukhaar hai nahi",0
"minor allergy 16 111",0
"slight  fatigue",0
"halki khasi hai",0
"no problem hai",0
"norml cold cough",0
"severe breathlessness speak",2
"halka sa body ache 78 23",0
"body pain no cough no cold",1
"oxygen level critical",2
"minor body ache",0
"thdoi kaamzori",0
"hgh fever no cld 82",1
"uthh nahip a raha oxygen gira hua hai 27",2
"chaati me dard saans nahi aa rahi",2
"thoda sa siir dard",0
"palpitations 76",1
"mild hedache 90",0
"sans   thodi mushkil hai",1
"high hai body pain bhi",1
"bukhaar hai pr khansi nahi 38",1
"mild shortneess of breath 102",1
"mild fever cold",0
"chatim ein dard sans nahi aa rhai",2
"cannot breathe at all",2
"bukhaar 101 sir dard",1
"halka bukhara hai",0
"genral weakness",0
"peersistnt headache",1
"chest mein mild pain hai",1
"saans ki nali band ho rahi hai",2
"behosh ho gy pulse high",2
"chest crushing pain ho rahi hai",2
"patient unconscious not responding 87 16",2
"chakkar aa rahe hain",1
"sans lene mein thodi problem",1
"seene mein thodi jalan 58",1
"chest pain severe hai emergency call karo",2
"chst pin breething problm",2
"mild fveer no cold",0
"tez bukhaar sardi nahi",1
"spo2 low breathing issue",2
"sirf zukam hai bukhaar nahi",0
"behosh ho gaya pulse bahut high",2
"chhati mein crushingd ard",2
"moderate chest pain",1
"pateint unconscious oxgyn low",2
"genral weakness",0
"bkuhaar 3 din hai",1
"fever 102 body pain",1
"chest crushing pain rahi hai",2
"oxygen level gir raha hai",2
"thoda weakness hai 70",0
"102 khansi",1
"sligghtc ough no fever",0
"oxygen low patient unconscious 123",2
"severe chest tightness cannot breathe emergency",2
"fever 101 headache",1
"gneerl wekness 82",0
"bohot tez drad saans ruktee ja rahi",2
"chhati mein halka dard",1
"dizziness while standing",1
"palptatons mild",1
"chhoti chotl agi",0
"bhookh kam rahi hai",0
"fever no cld",1
"high fever cold 3",1
"miledd headache 143",0
"hgh fever no cld",1
"slighht fatiguee",0
"tez dard saans ruktee rahi",2
"high fvr bina khansi ke 53",1
"sans thodi mushkil hai 43 67",1
"chhati dab rahi hai saans nahi",2
"halka bukhaar hai",0
"mild shortness breath",1
"generel weakness",0
"tez h sardi nhi 27",1
"cant breth at all",2
"saans bilkul nahi aa rahi emergencyy hai 93",2
"emergency hai patient collapse ho gaya",2
"chest discomfort  mild",1
"comlpaints",0
"bukhaar body pain no coough no colld",1
"mild breathlessness on exertion",1
"mild chest tightness feel hho rahi hai",1
"oxygen critical level pe hai 5",2
"oxygen low patient unconsciou s127",2
"dizziness feel oh raha hai",1
"cant breth at all",2
"mild shortness of breath 133",1
"bhookh kam lag rahi hai",0
"fever 102 no cough just body pain",1
"puls vr yunconsious",2
"mild sa headache ho raha hai 1",0
"spo2 loow isue",2
"dizzinesss feel ho raha",1
"oxygen low ptient unconscious",2
"severe breathlessness speak 13",2
"chst crushng pain",2
"persistnt headache fever",1
"mild hedaache",0
"thodi si 13",0
"sirf halka bukhaar ahi nahi",0
"spo2 low brething issue 95",2
"cant breth at all 30",2
"thoda fever hai stable hai",0
"mild chest",1
"oxygen low ptient unconsciioous",2
"spo2 low brething isue",2
"kamzori  lag rahi hai",0
"fever without cold  3 days",1
"102 fever no 71",1
"spo2 drpping emergeny",2
"high temperature body pain",1
"genere lweaakness",0
"cchst pin problm",2
"oxygen low ptient",2
"bukhaar 102 khansi nahi",1
"mild headche",0
"chest ccrushing pain ho rahi hai",2
"mild sore",0
"fever 102 body pain 79",1
"no compplaints 87",0
"unresponsive lo woxygen",2
"chest crushing pain radiating arm",2
"no majr issue",0
"mlid hedaache 84",0
"thodi kamzori",0
"fever 102 body pain",1
"dab rahi hai saans nahi",2
"nomrol cold ccough",0
"patient respond nahi kar raha oxygen low",2
"critical condition hai oxygen low",2
"behoshh o gya hgh",2
"patient not breathing properly",2
"mildc hest pain",1
"seene mein halka  dard 22",1
"spo2 breathing issue",2
"sans lene mein dikkat ho rahi hai",1
"geenrl wekness",0
"genral weakness",0
"chaati me dard saaans nahi aa rahi",2
"mild chsst pain",1
"mujhe tez bukhaar hai cold nahi hai 143",1
"feel ho raha hai 61",1
"persistent fever 3 days",1
"low hai patient unconscious",2
"chest discofmort mild",1
"mild fever without",0
"mild headache 42",0
"dizziness and weakness",1
"sligth  fatigue",0
"bukhaar hhai khansi nahi",1
"3 din se bukhaar nahi ja raha",1
"thakaan ho rahi hai 7",0
"fever 102 no cough just body pain",1
"chti me drd sns nhi rhi",2
"bukhaar bdoy pain no cough no cold",1
"mild hedche 83",0
"severe breathlessness patient baat nahi kar pa raha",2
"saans ki tkalif",1
"saans lena impossible ho raha hai 8",2
"behosh ho gaye hain",2
"dizziness nd wekness",1
"puuls vry hgh unconsious",2
"dizzyness weakness",1
"bahut zyada hai",1
"mild chst painn",1
"hbookh kam lag rahi hai",0
"hosh nahi aa raha pulse zyada 82",2
"mujhe tez bukhaar hai cold nahi hai",1
"no major problem hai",0
"emergency unconscious pattient",2
"high temperature obdy",1
"patient not breathing properly 57",2
"chati mein dard sans naih aa rahi 134",2
"cant breth at all",2
"spo2 below 90 emregenncy",2
"pain itna severe hai emergency call karo",2
"bukhr hgh fever",1
"chest mein bahut tez dard saans ruk rahi",2
"sevr breathhlesness",2
"shortnes of breath",1
"behosh ho gaye hain",2
"dizziness while standing",1
"seen emein halka dard 148",1
"cant breth all",2
"pulse bahut fast hai hain",2
"thodi khansi hai",0
"moderate chest pain",1
"fever haai but cold nahi 3 days se",1
"thodi si fatigue",0
"chest mein mild hai",1
"fever no cold 29",1
"sevr tghtnes cant breathe 68",2
"spo2 low breathing issue",2
"chest tightness cannot breathe",2
"breathing difficultt",1
"feever high hai body pain bhi",1
"thoda bukhaar hai khansi nahi 102 61",0
"chest pin brethiing problem",2
"uthh nahi pa raha oxygen gira hua hai",2
"bukhaar saath ulti",1
"genral weaakness",0
"mild hedache",0
"mild of breath",1
"bukhaar bahut zyada haai",1
"behosh ho gy pulse high  65",2
"normal zukkam",0
"fever hai but cold nahi 3 days se",1
"saansn ahi le pa rahe hain",2
"halka bukhaar hai",0
"mujhet ez bukhaar hai nahi hai",1
"normaal zukam",0
"slgght fever stable",0
"mild hedache",0
"moderate pani",1
"bukhar tez h sardi nhi",1
"patient collapse ho gaya",2
"bukhaar body pain no cough no cold",1
"mild chest tightness feel ho rahi hai 143",1
"bukhaar hgh fever",1
"kam lag rahi hai",0
"oxygen critical 10",2
"halki hai 99",0
"behosh ho gaya pulse high",2
"no complaints",0
"moderate fever wit hchilsl",1
"saans nahi aa rahi hai",2
"kamzori lag rahi hai",0
"slighht fever stable",0
"thodi khansi haai",0
"chakkar aa rahhe hain",1
"hcest mein pain hai",1
"saans nahi l epa rahe hain",2
"tez bukhaar aur badan dard",1
"seene mein thodi jalan",1
"chati emin dard sans nahi aa rahi",2
"thodi khansi haii 123",0
"bukhaarr hai pr khansi nahi",1
"msall cut minor injury",0
"chhati mein crushing dard 64 133",2
"severe breathlessness cannot speak 87",2
"halki khasi hai",0
"breathing problm mild",1
"behosh ho gy  pulse high",2
"esvr chst tightness",2
"neend nahi aa rahi",0
"sirf halka bukhaar hai cold nahi 17",0
"mminor body  ache",0
"small cut injury",0
"genral 3",0
"routine checkup 42",0
"bukhr ghh  fever",1
"bbadan garm hai khansi",1
"buukhaar hgh fever",1
"chest pain breathing problem",2
"thakaan ho rahi hai",0
"dizzynes sweakness",1
"bukhaar 3 din se hai",1
"small cut injury",0
"nom ajr issue 71",0
"minor body ache",0
"chati mein dard sans nahi rahi",2
"sans lene meein dikkat ho rahi hai",1
"normall cold cough",0
"spo2 drop raha hai breatthing issue",2
"dizziness nad",1
"mild breathlessness on exertion",1
"repsiratory distress severe",2
"spo2 below 90 emergency",2
"sevr tghtnes breathe",2
"severe chest pain hai saans nahhi aa rahi",2
"fvr 102 boyd pin",1
"chst pin brething problm",2
"fever hai but cold nahi 3 days se",1
"mild breathlesness",1
"bukhaar 3 din  se hai",1
"slght fever stable",0
"bukhaar nahi bas kamzori",0
"generel weeakness",0
"milds  hortnes of breath",1
"puls hgh unconsious",2
"behosh ho gya pulse hgh 41",2
"high fever with body ache 50",1
"mild chest pain",1
"generel weeakness",0
"fever without cold 3 days",1
"halki saans ki taklif",1
"thoodi khansi hai",0
"sans lene mein dikkat ho rahi hai",1
"mild fever cold 116",0
"fever hai but cold nahi 3 days se 127",1
"palpitations  mild",1
"behoosh ho gaye hain",2
"bohot tez dard saans ruktee ja rahi",2
"chhoti si chot lagi",0
"mild chst pain",1
"patient collapse  ho gaya",2
"fever hai but cold nahi 3 days se",1
"severe chest pain cannot move",2
"generl wekness",0
"fever high hai  body pain bhi 54",1
"101 sir dard",1
"high temperature body pain",1
"with vomiting",1
"persistent headache with fever 113",1
"small cu tminor injury",0
"normal",0
"high fvr bian khansi ke 37",1
"thoda bukhaar hai khansi nahii",0
"oxygen gir raha hai patient unconscious hai",2
"thdoi si",0
"thodi si fatigue 141",0
"fver without cold",1
"high temperature pain",1
"chti me dr dsnss nhi rhi",2
"mild chest apin 87",1
"bukhaar 101 sir dadr",1
"genrlw ekness",0
"miidl shortness of breath",1
"mild ssa bukhar h stable h 130",0
"fever hai but cold nahi 3 days se 24",1
"generel weakness",0
"slight cold",0
"patient baat nahi kar pa raha oxygen low",2
"othda weakness hai",0
"fever hai body pain bhi",1
"sirf zukam hai bukhaar nahi",0
"chakakr aa rahe hainn",1
"sligt feever",0
"normall coold cough",0
"slight cough no fever",0
"behosh pade hain saans mushkil se aa rahi 0 119",2
"high fever no",1
"bukhaar 101 dard 34",1
"chti me sns nhi rhi",2
"halki saans ki taklif",1
"high tempertaure body",1
"badan mein bahut dard hai bukhaar ke saath",1
"low ffever",0
"halki hai sardin ahi",0
"oxygen level critical",2
"severe breathlessness cannot speak",2
"chest crushing paain radiating arm",2
"high fever with body ache",1
"mild headch e108",0
"uthh nahi pa oxygen gira hua hai",2
"mild hedaache",0
"continuous fever since 2 days",1
"oxgyen low ptient unconscious",2
"seevr chest pain cant mov 103",2
"patteint unconscious low",2
"bukhaar hai pr khansi nahi",1
"oxygen level critical",2
"thodi kamzori",0
"patient hos hemin nahi hai",2
"thoda sa sir dard 143",0
"unresponsive low oxygen 43",2
"high fvr bina khansi ke",1
"lene mein thodi problem",1
"genrl wwekness",0
"problm mild",1
"fever 102 no cough just body pain",1
"chst tightnss mild",1
"oxygn low patint unconscous",2
"thoda feever stable hai",0
"chakkar uar kmazori",1
"severe breatlhessness cannott speak",2
"chhati mein bahut tez dard saans nahi",2
"fever with vomiting",1
"fever with vomitinng",1
"minor issue hai koi badi baat nahi",0
"saans ki nali band ho rahi hai 134 121",2
"saans nahi le pa raheh ain",2
"wekness",0
"puls vry hgh unconsious",2
"spo2 80 se neeche gaya emergennncy",2
"chhati mein halka dard 0",1
"dizzniess feel ho raha hai",1
"minor body ache",0
"moderate fever with chills",1
"pulse very high aur behosh hain",2
"sa boyd ache",0
"pulse very high aur behosh hain",2
"minro issue hai koi badi baat nahi",0
"slight cough no fever 100",0
"chest discomfort mild",1
"pet mein thoda dard 58",0
"sirf halka bukhaar hai cold nahi",0
"bukhaar hai pr nahi",1
"sirf bukhaar hai cold bilkul",1
"dizziness and weakness ho rahi ahi",1
"fevver 102 no cough just body pain 70",1
"mild fever no cold",0
"mild hedache",0
"dizzyness weakness",1
"fever with vomiting",1
"badan hai khansi nahi 116",1
"slight cold hai",0
"light cold 104",0
"routine problem hai 24",0
"sligt fever",0
"oxygen mask chahyie patient ucnonscious",2
"unresponsive  low oxxygen",2
"high fvr bina khansi ke",1
"chaati me saans nahi aa rahi",2
"normol cold couggh",0
"fever without cold 2 din se",1
"chahti mein crushing dard",2
"chhati dab rahi hai saans nnahi",2
"no major problem hai",0
"spo2 drpping emergeny",2
"uthh nahi pa oxygen gira hua hai 69",2
"halka  bukhaar hai 118",0
"chest discomfrt",1
"light brething problem",1
"severe chest tightness cannot breathe",2
"normall cold couggh 12",0
"critiacl failure",2
"spo2 low breeathing",2
"milld hedaaceh",0
"chest painn severe hai emergency call karo",2
"low fever stable",0
"chest tightness mild",1
"no major issue 127",0
"fever with body pain no cold",1
"fever 102 body pain",1
"emergency hai patientt colllapse ho gaya",2
"bukhaar 103 koi aur symptom nahhi",1
"critical condition hai oxygen low 26",2
"thoddi si fatigue",0
"major problemh ai",0
"chakkar aa rahe 97",1
"mild sa bukhar h stable h",0
"pulse ver yhigh unconscious 7",2
"stomach upset",0
"fvr 101 headach",1
"no major issue 138 38",0
"high fever boyd ache",1
"severe chest pain hai saans nahi aa rahi",2
"thoda sa sir dard 67",0
"normoll cold cough 75",0
"patient not  breathing prpoerly",2
"oxygen level gir raha ahi",2
"bukhaar body pain no cough no ocld",1
"chest discomffort",1
"breathing thodi diifficult ho rahi hai",1
"modrte chesst",1
"minor stomach upset",0
"persistent fever 3d ays",1
"dizziness while stanidng",1
"fever 012 no cold justw eakness",1
"slight fever stable 113",0
"neend nahi aa rahi",0
"minor",0
"slight cold hai",0
"light  cold 80",0
"sir mein halka dard",0
"patient not breathing properly",2
"patient not breathing properly",2
"sevr chst tghtnes cant breathe",2
"thoda weaknes shai",0
"pet mein dard",0
"persistent efver 3",1
"fever without cold",0
"fevver wtih vomiting",1
"cant breht at all",2
"tez bukhaar hai zukam",1
"patient breathing properly",2
"mild hedche",0
"fever without cold 2 dins e 15",1
"sligt fever 99 117",0
"fever 101 nor unny nose",1
"spo2 drpping emergeny 110 26",2
"no majr issue",0
"bukhaar nahi kamzori 85",0
"patient collapsed 103 4",2
"sans lene mein dikkat ho rahi",1
"routine checkup",0
"unresponsive low oxygen",2
"sirf bukhaar hai cold bilkul nahi",1
"oxygen low patient unconscious",2
"oxygen low patient unconscious",2
"continuous fever since 2 days",1
"saans ki nali band ho rahi ahi",2
"severe breathlessness cannot speak",2
"bukhara 3 din se hai",1
"fever with vmoiting",1
"loow fever stable 67",0
"miled headache 118",0
"ptaient",2
"chhati halka dard 145",1
"behohs pade saans mushkil se aa rahi",2
"critical condition hai oxygen low 39",2
"thodi si fatigue",0
"light breathing problem",1
"puls vry hgh unconsious",2
"dizziness nd wekness",1
"mild fever no",0
"mujhe bukhaar h khansi nhi",1
"dizziness and weakness ho hai",1
"dizziness and weakness ho rahi hai",1
"chest discomfort mild",1
"kamzroi lagr ahi hai",0
"mild nausea",0
"bukhara hai pr khansi nahi 37",1
"bukhaar hai khansi nahi",1
"miinor allergy",0
"buhakar ke saath ulti",1
"minor stomach upset",0
"bhookh kam lag rahi hai",0
"mild fever  without cold",0
"minor hai koi badi baat nahi 0",0
"sveere breathlessness speak",2
"patient unconscious not responnding",2
"patientt unconscious not responding",2
"patient not breathing properly 72",2
"saans lena impossible ho raaha hai",2
"moderate fever withc hills",1
"saans nahi aa rahi hai",2
"saans lene mein thodi taklif",1
"oxygen rdopping rappidly",2
"patient collapse ho gaya",2
"light coldd 32",0
"patient baat nahi kar pa raha oxygen low",2
"tez bukhaar aur badan dard",1
"patien tcollapse ho gaya",2
"small cut miinor injury 77",0
"mild breathlesness",1
"fever 101 headache 27",1
"fever with vomiting",1
"saans rukne awli hai 62",2
"slight aftigue",0
"saans mein thodi",1
"bukhar tez h sardi nhi",1
"thakaan ho rah ihai",0
"sir meein halka dard",0
"pulse fast hai behosh hain",2
"generel weakness",0
"patient pulse weak",2
"chaati me dard saans nahi rahi 85",2
"chhoti si chot lagi",0
"mild sa ubkhar h stable h",0
"spo2 drop ho raha hai breathing issue",2
"behosh ho gaya pulse high",2
"no mjjor issue",0
"chest pin bretthing problem 87",2
"fever hai but clod nahi 3 days se",1
"midl headache",0
"chst tightnss mild",1
"persistnt headach efever",1
"chest tightness mild",1
"halki fever hai sardi nahi",0
"dizziness while 75",1
"bukhaar body pain no cough no cold",1
"oxygen low hai patient unconscoius",2
"fever 102 no cough just body pain",1
"gneerel weakness 98",0
"bukhaar high fever",1
"bukkhaar bahut zyada hai",1
"oxygn level critcl",2
"milld pain",1
"feever vomiting",1
"chst",2
"oxygen low ptient unconscious",2
"halki zuakm hai 25",0
"thodda sa sir dard",0
"sirf bukhaar hai cold iblkul nahi",1
"3 din se bukhaar ja raha 149",1
"tthodi si fatigue",0
"seene mein halka dard 118",1
"chest pain problem",2
"mild chst pain",1
"respratry distrss sevr",2
"persistnt headache fevverr",1
"imnors tomach upset",0
"severe chest pain cannot move",2
"saans bilkul nahi aa rahie mergency",2
"bukahar 102 khansi nahi",1
"chest mein mild pain hai",1
"pateint unconscious oxgyn low",2
"saans ho raha hai",2
"thoda sa sir dadr",0
"idzziness and weakness ho hai",1
"sligght stable",0
"halki khasi hai",0
"seene mein itna dard ki hilna mushkil",2
"thodi kamzori",0
"fever 103 no other symptoms 97",1
"ucnonscious patient",2
"fever 102 no cough just body pain",1
"halka sa bbody ache 103",0
"feevr with vomitinng",1
"high fever without cold syymptoms",1
"low grade fever",0
"halki saans ki taklif",1
"bohot tez dadr saans ruktee ja rahi",2
"oxygen dropping rapidly",2
"sligh tcough no fever",0
"thoda weakness hai 142",0
"dizzynes sweakness",1
"critical breathing failure 45",2
"sans thodii umshkil hai",1
"fever with bbody pain no cold",1
"chest pain itna severe hai emergency call karo 19 131",2
"bukhaar 3 din se hai",1
"chest pain itna severe hhai emergency call karo 59",2
"sanas rukne wali",2
"fever high hai body pain bhi",1
"midl sa headache ho raha hai",0
"drpping emergeny",2
"bahut bukhaar hai",1
"bukhaar ke saath ulti",1
"sevr chst tghtnes cant breathe",2
"breathing difficult",1
"breathing silghtly difficult",1
"oxygen dropping rapidly 22",2
"sevvere chest tightness cannot breathe",2
"chest pain itna severe hai emergecny call karo",2
"dizziness feel ho raha hai",1
"bukhaar 102 khansi nahi",1
"mild sab ukhar h stable h",0
"wekness",0
"tez bukhaar hai zukam nahi",1
"chest mein bahut tez dard saans rukr ahi",2
"fever 102 noo cold jusst weakness",1
"chhati mein halka dard",1
"spo2 drpping",2
"routine proble  mhai",0
"sevr chst tghtnes cant breathe",2
"hgh fever no cld",1
"cantt bretha t all",2
"slight runny nose",0
"routine problem hai",0
"thoda sa sir dard 69",0
"chest crushnig pain radiating arm 19",2
"severe chest paain hai saans nahi aa rahi",2
"mild sa headache  ho raha hai",0
"moderate chest",1
"breathing slightly difficult",1
"light brething problem",1
"thodi kamzori",0
"patient unconscious not",2
"bukhaar hai pr khansi nahi 145",1
"sir mein halka",0
"slight cold hai 37",0
"chst  pin brething problm 41",2
"rpoblem hai",0
"mildc hest",1
"emergency patient 6",2
"fvrh igh no",1
"saans bilkul nahi aa rahie mergency hai",2
"chest pain rradiating arm",2
"oxygen bahut kam hai 97 38",2
"slight runny nose",0
"sevr",2
"fever 103 no other symptoms",1
"normall cold cough",0
"mujhe tez hai coldn ahi hai",1
"heart attack symptoms severe chest pain 27",2
"mild as bukhar h stablee h",0
"bukhaar bahut zyada hai",1
"fever hihg hai body pain bhi",1
"sirf bukhaar hai cold bilkul nahi 97",1
"saans nhai aa rahi hai",2
"oxgyn critcal 72",2
"tez bukhaar aur badan dard 34",1
"general weakness feel ho rahii hai 49",0
"spo2 80 se neeche gaya emergency",2
"saans nahi le pa rahe hain 38",2
"behosh hoo gya pulse hgh",2
"generel weaknses",0
"moderate fever  with chills",1
"halka bukhara hhai",0
"oxygen gir raha hai patient unconscious hai 134",2
"spo2 drpping emergeny",2
"fever hai but cold nahi 33 days se 53",1
"pulse very high unconscious",2
"halka bukhar h 102",0
"mnior body ache",0
"low grade fever",0
"heart attack symptoms severe chest pain",2
"fever without cold 2 din se",1
"minor body ache",0
"bukhaar ke saath ulti",1
"thakaan ho rahi haai",0
"seene mein halka dard",1
"mminor stomach upset",0
"thoodi si",0
"pulse bahut fast hai behosh hain",2
"sans lene mein thod",1
"bukhaar body pain no cough no codl",1
"routine 46",0
"fvr 101 headach",1
"dizziness and weaakness",1
"pet mein thoda dard",0
"fevr 103 body ach",1
"respiratory distress severe",2
"tohdi kaamzori",0
"oxgyn crictal",2
"badan garm  hia khansi nahi",1
"bukhr hgh  fever",1
"spo2 low brething issue",2
"chest meinn mild pain hia",1
"mild fever withouut cold 77",0
"thoda fever hai hai 42",0
"spo2  low bretihng issue",2
"patient hosh mein nahi hai",2
"mild  heddche",0
"dizziness feel ho raha",1
"hghh fever no cld 131",1
"emergency hai patient collapse ho gaya",2
"lweakness",0
"ggeneral weakness feel ho rahi",0
"mild breathlessness on exertion",1
"thoda weakness hhai",0
"oxygen critical level pe hai",2
"cold hia",0
"general weakness feel ho rahi hia 3",0
"general weakness feeel ho rahi hai 94",0
"oxygen critical level pe",2
"bukhaar sir",1
"dizziness and weakness ho rahi hai 145",1
"no major problem hai",0
"sevr chst tghtnes cant breathe",2
"chest discomfrt",1
"chest pain itna severeh ai emergency call karo",2
"spoo2 drpping emergeny",2
"fevr 103 body ach",1
"oxygen ptient unnconscious",2
"emergency hai patient collapse ho gaya",2
"minor issue hai koi badi baat nahi",0
"chhoti si chot lagi",0
"chest pin brething prooblem 80",2
"bukhr  hgh fever",1
"normol cold cough",0
"bahut zyada bukhaar",1
"minor stomach upset",0
"behosh ho gaye hain",2
"dizziness and weakness",1
"behosh ho gy pulse high",2
"behosh pade hains aans mushkil se aa rahi 82",2
"bukhaar pr khansi nahi",1
"behosh ho gaya pulse high 115",2
"chest discomfort  mild",1
"breathing thodi difficult ho rahi hai 60 9",1
"mild sa bukhar h stable h",0
"mujhe tez bukhaar hai cold nahi hai",1
"fever 102 no cold weakness",1
"tez bukhaar aur badan dard",1
"patient baat nahi kar pa raha oxygeen low 20",2
"halka bukhaar hai",0
"thodi difficult h orahi hai",1
"badan garm hai khansi nahi 141",1
"mild nauusea",0
"oxygen low ptient unconscious",2
"seeene mein itna dard ki hiilna mushkil",2
"severe breathlesnsess patient baat nah ikar pa raha",2
"mild chst pain",1
"chest pain breathing problem 96",2
"general weakness feel ho rahi hai",0
"palpitations miild 25",1
"generll wekness",0
"bukkhaar 3 din se hai",1
"bukhaar nah ibas kamzori 98",0
"fever 102 aur body mein dard 43",1
"mild nausea",0
"chest discomfort ho raha hai",1
"sir meein halk adard",0
"dizziness nd wekness 33",1
"spo2 drpping emergeny",2
"slgiht fever stable",0
"slight efver",0
"continuos fever",1
"etz bukhaaar sardi nahi",1
"bukhaar nahi bas kkamzorri",0
"mild hedche 21",0
"halki feverr hai sardi nahi",0
"halka bukhaar hai",0
"bukhaar ke saath ulti",1
"general weakness 24 91",0
"kamzori lag rahi hai",0
"3 din se bukhaar nahi ja raha",1
"no compllaints",0
"spo2 low brething issue",2
"mil dfever on cold",0
"saans lene mein thodi taklif",1
"pet mein thoda dard",0
"chest discomfrt 136",1
"cant breth at all",2
"respiratory distress severe",2
"behosh hog aye hain 53",2
"mild tightness feel ho rahi hai",1
"critical breathing 85",2
"spo2 below 90 emergecny",2
"general weakness feel ho rahi hai",0
"issue",0
"spoo2 belwo 90 emergency",2
"fever 103 no other symptoms",1
"fever 102 aur body mein",1
"minor issue hai badi baat",0
"thooda bukhaar hai khansi nahi",0
"minor allergy",0
"sirrf zukam hai bukhaar",0
"mild",0
"kam lag rahhi hai",0
"oxygen dropping rapidly  88",2
"behosh pade hain pulse nahi aa rraha",2
"chest discomfor tmild",1
"behoshh o gaye hain",2
"miinor upset",0
"bahut zyada hai",1
"oxygen bahut amk hai",2
"norml cold cough",0
"oxygen critical level pe hai",2
"thodi kamzori 106 76",0
"bbukhaar 103 koi aur symptom nnahi",1
"ruotnie checkup",0
"patient not breathing properly",2
"thoda fever haii stable hai",0
"genrll wekness",0
"mild chest tightneess feel ho rahi hai 115",1
"cough fever",0
"high fever with body ache",1
"fever 102 body mein dard",1
"dizziness nd wekness",1
"thoda fever hhai stable hai 126",0
"level critcl",2
"saans lena imposssible ho raha hai",2
"fever hai body paiin bhi",1
"slight",0
"halkif ever hai sardi nahi",0
"respiratory distress sveere",2
"pateint unconscious oxgyn low",2
"distress severe",2
"patient collapsed",2
"bhookh kam lag rahi hai",0
"tze bkuhaar aur badan dard",1
"feve rhigh hai body pain bhi",1
"neend nahi aa rahi",0
"norrmal cold cough 64",0
"bukhaar hgh fever",1
"oxygen level gir raha hai 131",2
"minor issue hia koi badi baat nnahi",0
"low grade fever 114",0
"high no cold 99",1
"spo2 9 0emergency",2
"sevr chst  tightness",2
"saans nahii le pa rahe hain 9",2
"spo2 below 90 emergency",2
"mild headche",0
"uthh nhai pa raha oxygen gira hai",2
"fever 102 no couhg just body pain",1
"sllight fatiigue",0
"pet mein thoda dard",0
"high fever noo cough",1
"sirf halka bukhaar hai clod nahi 137",0
"low fever no cough no cold",0
"ghh fever no",1
"spo2 low brething iisue",2
"chest mein mild pain hai",1
"mild 51",0
"high fever without cold smyptoms",1
"sirf buukhaar hai cold bilkul nahi",1
"pulse very high aur behosh hain",2
"minor stomach upset",0
"small cut minor injury",0
"chati mein dard sans nnahi aa rahi",2
"weakness",0
"thoda hai khansi nahi 27",0
"major issue",0
"ffvr high no",1
"genrel weknesss",0
"thoda sar dard h 138",0
"chest crusshing pain radiating arm",2
"critical condition hai  oxygen low 102",2
"thodaa fever hai stable ahi",0
"thoda sa sir daard",0
"s asir dard",0
"oxygen mask chahiye patient unconscious",2
"persistent headache with fever",1
"high fvr  bina khansi ke",1
"patient collapsed 140 21",2
"bukhr hgh fever",1
"sans lene mein diikkat ho rahi haii",1
"oxygen low hai pattient unconscious",2
"bukhr hgh",1
"light breathinng problem 95",1
"mild hedache",0
"palptatons miild",1
"pet kharab hai",0
"generl 35",0
"minor body ache",0
"oxygen gir raha hai patient unconscious hai",2
"badan mein bahut dard hai  bukhaar ke saath",1
"respratry distrss sevr",2
"fvr 101 headach",1
"normal zukam 96",0
"slight cough no fever",0
"respiratory distress severe",2
"chest crushing pain ho rahi hai",2
"mild shortnesss of breath",1
"spo2 80 se neeche gaya emergency",2
"mild sa bukhar h stable h",0
"spo2 drop ho raha hai breathing issue",2
"patient collapse ho gaya 11",2
"unresponsive  low oxygen",2
"bukhaar nahi bas kamzoir",0
"lene mein thodi taklif",1
"palpitatiions mild",1
"puls vry hgh unconsious",2
"sirf halka bukhaar hai cold nahi 11 5",0
"pulse very hig hunconscious 112",2
"pin brething problm",2
"sa body ache",0
"cold hai",0
"low fever stable",0
"seene hodi jalan",1
"patient not breathign properly",2
"discomfrt",1
"dizziness feell ho raha hai 25",1
"paatient respond nahi kar raha oxygen low",2
"saanns nahi le pa rahe hain",2
"102 fevre cold",1
"chhati mein crushing dard",2
"breathing slightly difficult",1
"vry hgh unnconsious",2
"3 din se bukhaaar anhi ja raha",1
"fvr 102 body pin 133",1
"halki zukam hai",0
"buhkaar hgh fever 44",1
"bukhaar hai khansi",1
"saans lene mein thodi taklif",1
"bukhaar 3 din hai 57",1
"halka sa body",0
"thoda weakness hai",0
"spo2 drop ho raha breathing issue",2
"modrte chest pain 113 80",1
"fever 102 no cough just body pain",1
"continuous fever since 2 days 0",1
"seene mein itna dard ki hilna mushkil",2
"fevr iwthout cold",1
"chst pin brething",2
"high fvr bina khansi ke",1
"generl wekness",0
"chest pain itna esvere emergency call karo",2
"normall cold",0
"mild fever  no cold",0
"chest bahut tez dard saans rku rahi",2
"normal ccold cuogh",0
"fve rwithout cold",1
"halki fever nahi",0
"chest crushing pain ho rahi hai",2
"spo2 below 90 emergency",2
"fever haai but cold nahi 3 dayss se",1
"critical condition hai oxygen olw",2
"patient collapsed",2
"mild sa headache ho raha hai",0
"thoda sar dard h 22",0
"mild tpain",1
"chest pain itna severe hai emergency call karo 31 46",2
"chati dard sans nahi rahi",2
"saans ki nali band ho rahi hai",2
"oxygen critical level pe hai",2
"spo2 low brething issue",2
"pulse very high aur behosh hain",2
"1102 fever no cold",1
"fever hai but cold nahi 3 days se",1
"oxygn leveel critcl",2
"cant breth at all",2
"bukhr high fever",1
"emergency hai pattient colllapse ho gaya",2
"pte thoda kharab ahi",0
"spo2 low brething issue",2
"pet thodaa khraab hai",0
"slight fever stable",0
"fever 102 pain 40",1
"saans nahi le pa rahe hain",2
"moderate chest pain",1
"fveer 102 no cough just body pain 17",1
"chhati mein crushing ddard 130",2
"mild sore   throat",0
"mild hedhce",0
"minor iissue hai badi baat nahi",0
"complaints 35",0
"mild hedache",0
"mild headache",0
"spo2 belwo 90 emergency",2
"condition hai oxygen low 56",2
"moderate fever with chills",1
"fever with body pain no cold",1
"fever high body pain bhi",1
"mild hedaache 22 112",0
"moderate chest ppain",1
"bhookh kam lag rahi hai",0
"mild fever without cold",0
"routine problem hai 2",0
"ssans lene mein ho rahi hai",1
"mild hedache",0
"continuous fever since 2 days",1
"pulse bahut fast hai behosh hain 55",2
"minor  body ache 71",0
"frv",0
"bukhar tez h sardi nhi",1
"bukhaar high feveer",1
"fever 102 no cough just body pain",1
"fever without cold 2 din se",1
"dizziness and weakness",1
"thoda sar dard h",0
"emergency unconscious patient",2
"chhati mein crushing dard",2
"halki fever hai sardi nahi",0
"patient collapsed",2
"fever without cold 2 din se",1
"mild shortness of breath",1
"thodi si fatgiue 101",0
"bukhaar hai khansi nahi",1
"oxygen bahut kam hai",2
"slight fvr",0
"fever with body pain no cold",1
"chhati meni crushingd ard",2
"chest pain breathing problem",2
"gneerl wekness",0
"slightt fvr",0
"oxygen dropping rapidly",2
"sevr chest paain cant mov 113",2
"mujhe tez bukhaar hai cold hai",1
"thoda weakness hai",0
"mildd breathlessness on exertion",1
"high fever no cough",1
"slight fever stable",0
"fevr 103 body ach 62",1
"halki kahsi hai",0
"nened nahi aa rahi 104",0
"pet thoda kharab hai 104",0
"fevr 103 body ach",1
"mlid hedaache",0
"high fever with body ache",1
"halki hai",0
"genrl wekness",0
"no complaints",0
"thoda sar drad h",0
"bukhaar hai khansi nahi",1
"spo2 low brething issue 7 81",2
"bhookh kam lag raih hai",0
"respratry distrss sevr 109",2
"chest tightness milld 98",1
"chhati dab rahi hai nahhi",2
"oxygen gir raha hai patient unconscious hai",2
"pain itna severe hai emergency call karo",2
"no mjro issue 5",0
"severe chest pain cannot move",2
"pulse very high",2
"fvr 102 body pin",1
"thakaan ho rahi hai",0
"saans bilkul nahi aa rahi emergency hai",2
"mild hedaache",0
"mild chest tightness feel ho rahi hai",1
"mild headche 63 76",0
"fever without cold 2 se",1
"bukhar tez h sardi nhi",1
"spo2 drpo ho raha hai breathing issue 25",2
"allergy",0
"continuous fever since 2 days 39",1
"no maojr issue",0
"no major iissue 32",0
"patient baatt nahii kar pa raha oxygen low",2
"patient not breathing properly",2
"chhati mein bahut tez dard saans naih",2
"catn breth all",2
"fever with vomiting",1
"efver 103 no other symptoms 62",1
"fever 102 no cough just body pain",1
"tez bukhaar sardi nahi",1
"chest tighntess mild 85",1
"unresponsive low oxygen 119",2
"patient unconscious not responding",2
"oxygn patint unconscous",2
"fver without cold",1
"spo2 below 90 emergency",2
"gennrl wekness 26",0
"bukhaar 103 koi aur symptom nahi 124",1
"orutin eproblem hai",0
"pet emin thoda dard",0
"genrl wekness 147",0
"hai khansi nahi",1
"saans nahi le pa rahe hain",2
"chest mein bahut tez dard saans ruk rahi",2
"mild chest tightness feel ho rahi hai",1
"spo2 low brethinng issue",2
"respratry distrsss sevr 129",2
"bhookh kam lag rahi 8",0
"no majr issue",0
"fever with vomiting",1
"light cold 30",0
"fever hia but cold nahi 3 days se",1
"chest pin brething problem",2
"saans lena impossible ho raha hai",2
"seene mein itna dard  ki hilna mushkil 109",2
"halka h",0
"minor issue hai koi badi baat nahi",0
"mild hedaache",0
"grade fevre",0
"patient unconscious not responding",2
"fever 1022 aur body mien dard",1
"mild naussea",0
"persistent efver 3 days 22",1
"minor allerggy",0
"oxygen low hai patient unconscious",2
"unresponsive low oxygen",2
"mild fever withoutc old",0
"spo2 low brethingi ssue 48",2
"persistnt headache fever",1
"weakness hai",0
"no",0
"slightt",0
"bahut zyada bukhaar hai",1
"unresponsive low oxygen 41 116",2
"spo2 below 90 emergency",2
"no majr issue",0
"behosh ho gayye hain",2
"mild sa h stable",0
"mild headache ho raha hai",0
"sanans nahi le pa rahe hain",2
"mujhe buhkaar h khansi nhi h",1
"halki zuakm hai",0
"chst pin brething problm",2
"mild feve rno cold",0
"slgth fever stable",0
"minor body ache",0
"slght stabel",0
"thoda bukhaar hai khansi nahi",0
"bukhaar nahi bas kamzori 44",0
"halka bukhar",0
"low feveer stable",0
"chst pin brething problm",2
"severe chest tightness cannot breathe 30",2
"dizzinesss and weakness ho hai",1
"light brething",1
"no major hai 20",0
"chest pain breaathing problem",2
"severe breathlessness cannot speak",2
"light breathing problem",1
"oxygenm ask chahiye jaldi",2
"bhookh kam rahi hai",0
"chst crushnng pain",2
"behosh oh gaye hian",2
"sirf  bukhaar hai clod bilkul nahi",1
"ffever with vomiting",1
"hcst pin brething problm 0",2
"ahlka bukhara hai",0
"behosh ho gyae hain",2
"sans thodi musshkil hai",1
"tez bukhaar bina sardi ke",1
"thodi si fatigue 139",0
"gener lwekness",0
"moderate chest pain",1
"chati mein dard sans nahi aa rahi",2
"unresponsive low oxygen 24 10",2
"oxygen low ptient unconscious",2
"emergency hai aptient collapse ho",2
"thoad bukhaar hai khansi nahi",0
"normal zukam",0
"breathe at all 42",2
"oxygen low patient",2
"chakkar aur kamzorii",1
"oxygen level gir raha hai 58 32",2
"general ewakness 56",0
"minor stomach upset",0
"hgh fever no cld",1
"loww grrade fever",0
"no major issue",0
"oxygn low patint unconscous",2
"chaati me dard saans nahi aa rahi",2
"oxygen low patient unconscious",2
"no mjor isseu",0
"mjor issue",0
"bhookh kam lag rahi hai",0
"fever without cold 2 din se",1
"behosh ho gayaa pulse bahut high",2
"mild sa headache ho raha hai",0
"saans nahi le pa rahe hain",2
"oxygen bahut kam hai",2
"tez bukhaar sardi nahi",1
"patient baat nahi pa raha oxygen low",2
"fvr 102 body pin",1
"severe chest paain cannot move",2
"oxgyn  crtical",2
"no mjor issue",0
"sevr chhst tightness",2
"bhoookh kam lag rahi hai",0
"modrtte chest pain 58",1
"dizziness and weakness rahi hai",1
"bheosh ho gaye hain 31",2
"chest pain breathing problem 122",2
"generel weakness",0
"sevr breathlesness",2
"fever 1103 no other sympptoms",1
"hchoti si chot lagi",0
"mild sa headache ho raha",0
"rouitn eproblem hai",0
"bukhaar 102",1
"heart attack symptoms severe chest pain",2
"oxygn low patint 1",2
"rouitne",0
"chhati dab rahi hai saans nahi",2
"slght fever stable",0
"behosh oh gayeh ain",2
"slight cough no fever 93 84",0
"chest pain itna severe hai emergency call karo",2
"hhgh fever no cld 7",1
"chest discomfort ho raha hai 109 145",1
"h khansi nhi h",1
"mlied headache",0
"ooxygen critical",2
"spo2 below 90 emregency 8",2
"thoda dard h",0
"small cut injuryy",0
"respratry distrss sevr",2
"saans ki nali band ho rahi hai",2
"low fever stable",0
"small cut minor injury",0
"bukhr hgh fever 86",1
"mild hedache",0
"general weakness feel ho rahi hai",0
"fever 102 no coug hjust body pain",1
"chest crushing pain radiating arm",2
"chati mein dard sans nahi aa rahi",2
"geenral weankess",0
"norml  cough",0
"behosh ho ggaya pulse high",2
"bukhaar nahi baas kamzori",0
"bukhaar bahut zyada hai 47",1
"pateint unconscious oxgyn low",2
"general weakness feeel ho rahi hai",0
"slight runny nose 27",0
"behosh ho pulse high 129",2
"thodii khansi hai",0
"liight cold",0
"behoosh gaya pulse high",2
"minor bodyy ache 10",0
"chest crushing pain ho rahi hai",2
"high fever cold",1
"thoda weakness hai",0
"mein crushhing dard",2
"102 fever no cold",1
"bukhara 102 khansi nahi",1
"no major problem hai",0
"chest discomfor",1
"minor body 16",0
"oxgyn critcal",2
"minor issue hai koi baat nahi",0
"mild breathlensess 83",1
"din se bukhaar nahi ja",1
"breathing slightly difficult",1
"checkup",0
"spo2 low brething isue 9",2
"fever 1022 aur body mein dard",1
"saans nhai lle pa rahe hain",2
"pulse very high aur behosh hain",2
"sevr chst tghtnes cant breathe",2
"chest ttightness mild",1
"ppulse very hhigh unconscious",2
"generel weakness",0
"low fever no cuogh no cold",0
"patient collasped pulse weakk",2
"fever 102 no cold just weakness",1
"spo2 brething isue",2
"sllight fevr staable",0
"bohot tez dard saans ruktee ja rahi 101",2
"fever 102 no cough just body pain",1
"mild sore thhroat 57",0
"wwekness",0
"oxygen mask chahiye patient unconscious 121",2
"oxygen gir raha hai patient unconscious hai 112",2
"dizziness and wakeness ho rahi hai",1
"oxygen low hai patientu nconscious 138",2
"thoda sar dard h",0
"thoda sa sir dard",0
"fever n ocold",0
"onrmal zuakm",0
"fever tsable",0
"ptaient",2
"persiistent fever 3 dyas",1
"high fever with boddy cahe",1
"slight colld hia",0
"general weakness",0
"oxygen bahut kam hai",2
"slight fvr",0
"thoda sa rdard h",0
"sir mein halkad ard 72",0
"behosh ho gya pulse hgh",2
"respratry diistrsss sevr",2
"fvr 102 body pni",1
"uthh nahi pa raha oxygen gira hua hai",2
"fever 101 ehadache 7",1
"no mjor  issue 37",0
"bukhaar body pain no coug hno cold",1
"halka sa body ache",0
"moderate chest",1
"fever 103 no othher symptoms",1
"chhat imein crushing adrd",2
"unresponsive low 57",2
"dizzyness 12",1
"normol cold cough",0
"thoda sarr dard h",0
"high fever no cold",1
"mild",1
"generel weakness",0
"fever 101 headache",1
"severe chest tightness cannot breathe emergency",2
"halka bukhaar hai",0
"routine checkup 38",0
"dizziness standing",1
"light breeathing problemm",1
"mild rbeathlesness",1
"halki zukam hai",0
"criticalb reathing failure",2
"spo2 80 se neechhe gaya emergency",2
"persistent haedache with fever",1
"bukhaar hgh 114",1
"chest mein mild pain hai",1
"perssitn theadache fever",1
"dizziness feel hho raha hai",1
"low feverr stabel",0
"thodi khansi hai",0
"mujhe bukhaar h khansii nhi h",1
"normal cold cough 0",0
"sevr chst tghtnes tbreathe",2
"halki saans ki taklif",1
"low grade fever",0
"chti me rdd sns nhi rhii",2
"chest breathing problem",2
"light cold",0
"reathlesness",1
"behosh ho gya pulse hgh 7",2
"mild breathlessness on exertionn 3",1
"general weakness feel ho rahi hai",0
"bahut zyada hai 88",1
"beohsh pade hain pulse nahi raha",2
"mask chahiye patient unconscious",2
"oxygen low unconscious 20",2
"breathing problm mild 140",1
"thoda sar dard h",0
"pulse very high unconscious",2
"feverw ithout  cold 3 days",1
"chest pain itna severe hai emergenccy call karo 109",2
"saans nahi le pa rahe hain",2
"oxygen level gir raaha hai",2
"bukhaar body pain no cough no",1
"patient baat nahi kar raha oxygen low 65",2
"palptatons",1
"high temperature bbody pain 24",1
"mild chest pain",1
"chest discomfrt",1
"te zbukhaar hai zukam nahi",1
"chhati dab rahi  hai saans nahi 87",2
"chest pin brething rpoblem",2
"bohot tez dard saans ruktee ja rahi",2
"pet thoda kharab hai 112 142",0
"respiratory distress severe 15",2
"patient breathing properly",2
"mujhe tez bukhaar hai cold nahi hai",1
"routiine problem",0
"bukhr hgh feever",1
"sevr",2
"fever with vomiting 61",1
"slight fatigue",0
"low fever stable",0
"aa rahe hain",1
"sirf bukhaar hai cold bilkul nahi",1
"behosh pade hain pulse nahi aa raha",2
"routine problem hai 47",0
"feel ho raha hai",1
"fvever 102 no cough just body pain",1
"vfr 102 body pin",1
"patient unconscious not responding",2
"bkuhaar 101 sir dard",1
"persistent fever 3 dyays",1
"sslight stable",0
"hai khansi nahi",1
"mild chest painn 71",1
"sans lene meein thodi problem",1
"thoda fever hai stable hai 113 30",0
"mild sa heaadche ho raha hai 140",0
"oxygen mask chahiyye jaldi",2
"chest discomfor tmild",1
"small cutm inor injury 56",0
"oxgyen gir raha hai patient unconscious hai 121",2
"saans ki nali band ho hai",2
"halka bukhaar hai",0
"light breathing problem",1
"sirf bukhaar haic old bilkul nahi",1
"minor",0
"sevr breathlesness 82",2
"mild chest tightness feel ho raahi hai",1
"mild headche",0
"spo2 drop ho raha ha ibreathing issue",2
"bohot tez dard saans ruktee ja rahi",2
"severe breathlessnesss patient baat nahi kar pa raha 23",2
"thoddi si",0
"heart attack symptoms severe chest pain",2
"chest pain breathing problem",2
"oxygnn level critcl",2
"tahkaan ho raih hai",0
"spo22 drpping emergeny",2
"fvr 1101 headach",1
"mild breathlessness on exertion 53",1
"saans iblkul nahi aa rahi emergeency hai",2
"patient not properly",2
"behosh ho gaya pulse high",2
"bukhaar 103 koi aur symptom nahi 26",1
"patient not breathing properly",2
"fever 101 headache",1
"normoll cold cough",0
"chati mein dard sans nahi aa rahi",2
"respratry distrss sevr 37",2
"behosh ho gaye hain",2
"bukkhr high efver",1
"bahut zyada bukhaar 140",1
"fevr  103 body ach 63",1
"patient baat nahi kar pa raha oxygen low 190",2
"fever 102 body pain 9",1
"miild",0
"halka sa body ache",0
"mmild sore throat 84",0
"halki zukam hai",0
"thodi",0
"mild fever withotu cold",0
"breathing problm mild",1
"normol cold cough",0
"mild shortness of breaath 73",1
"fever hai but cold nahi 3 days se",1
"on major issue 4",0
"seene meni discomfort 127",1
"slight fvvrr",0
"fever",0
"saans lena impossible ho raha hai",2
"ahlkii saans ki taklif",1
"san sthodi mushikl hai",1
"sirf bukhaar hai cold bilkul nahi",1
"oxgyn critcal",2
"bukhaarr 3 din se hai 123",1
"nno major issue 64",0
"bukhar tez h sardi nhi",1
"halka bukhar",0
"mild headche",0
"slight colld hai",0
"moderate chest pain",1
"mild fever without cold",0
"102 fever no  cold",1
"3 din seb ukhaar nahi jaa raha",1
"sirf  zukam hai bukhaar nahi",0
"mild sa heeadache ho rraha hai",0
"fever 102 no cold just weakness",1
"thoda bukhaar hai khansi nahi 72",0
"oxygen low hai unconscious",2
"fvr 101 headach",1
"fever 103 no ohter symptoms",1
"102 aur body mein dard",1
"patient not breathing properly",2
"bukhaaar bahut hai",1
"patient baat nahi kar pa raha oxygen low",2
"mild hedaache",0
"badan mein bahut dard hai bukhaar ke saath",1
"mild as headache ho arha hai",0
"pet thoda kharab hai",0
"mino rallergy",0
"sans thodi mushkil hai",1
"chakkar aa rahe hain 140 65",1
"behosh gy high",2
"no majr",0
"behosh hog y pulse high",2
"minor alllergy 115",0
"thoda fever  hai stable hai",0
"fvr hgih no cld",1
"chhoti chot lagi",0
"bbehosh ho gy pulse  high",2
"tez bukhaar aru badan dard 133",1
"slight fever stable",0
"chest mei pain hai",1
"patient unconnscious responding",2
"tez bukhaarr hai zukam nahi",1
"minor issue hai koi badi baat nahi 123",0
"oxggyn critcal 96",2
"no major issue",0
"sirf halka bukhaar hai cold nahi",0
"general weakness",0
"thoda kharab hai",0
"oxygen mask chahiye jaldi 125",2
"bukhaar hgh fever",1
"normol cold  cough",0
"pulse high unconscious",2
"tez bukhhaar bin asardi ke",1
"fever 102 no cough just body pain",1
"chhati mein halka dard 14 120",1
"emergency hai patient collapse ho ggaya",2
"102 fever no cold",1
"chst pin brething problm",2
"routine checkup 146",0
"critical hai oxygen low",2
"chest mein bahut tez dard saans ruk rahi 4",2
"sevr chst tghtnes cant breathe",2
"oxygen level critical",2
"bukhr high fever",1
"neend anhi aa rahi",0
"palpitations mild",1
"peet thodak harab hai",0
"tez bukhaar aur badan dard",1
"minor allregy",0
"pet thoda kharab hai",0
"thakaan ho rahi hai 131",0
"fever1 03 no other symptoms",1
"critical condition hai oxygen low 129",2
"seene mein halka dard",1
"breathing problm mild",1
"mild sore throat",0
"high fvvr bina khansi ke",1
"no mjor issue",0
"103 koi aur symptom nahi",1
"general weakness feel ho rahi hai",0
"saanss nahi aa rahi hai",2
"chest discomfort mild",1
"moderat efever witth chills",1
"sir mein dard",0
"saans ki taklif 143",1
"patient nahi kar raha oxygen low",2
"unresponsive low oxygen",2
"puls vry hgh unconsious",2
"chhati mein tez dard saans nahi",2
"chhati rahi hai saans nahi 58",2
"minor upset",0
"genrrl weknesss",0
"normal zukam 25",0
"level critcl",2
"oxyygen low hai patient unconscious",2
"mild fever no cold",0
"critical breathing",2
"sirf halka bukhaar hai cold  nahi",0
"tez bukhaar aur badan dard",1
"patient collapsed 65 147",2
"oxygen level gir raha hai",2
"slight cough no fever 44 70",0
"cold cough",0
"fever 102 body apni",1
"hlaki hai",0
"normol cough",0
"bukahar bahut zyada hai",1
"breathing",1
"mein discomfort",1
"sevr breathlllesness",2
"badan gar mhai khansi nahi",1
"wekness",0
"patient responddn ahi kar raha oxygen low",2
"severe breathlessness patient baat nah ikar pa raha 103",2
"fever no other symptoms 122",1
"hgh fever no lcd 47",1
"pulse bahut fast hai behosh hain",2
"patint unconscous",2
"spo2 drop ho raha hai breathing issue",2
"high fvr bina khansi ke",1
"saans lena impossible ho raha hai",2
"bukhaar hai khansi nahi 76",1
"respratry distrss ssevrr",2
"spo2 below 90 emergency",2
"genrrl wekkness",0
"chhati mein halka dard",1
"feverr 101 headacche",1
"severe pain cannotm ove",2
"thkaaan ho rahi hai",0
"mild of breath",1
"thodi kamzori",0
"101 headache",1
"fevr stabel",0
"dizziness nd ewkness 13",1
"seene mein halka dard",1
"bukhaar1 02 khansi nahi",1
"patient respond nahi kar raha oxygen low",2
"bukhaar high ffever",1
"halki zukam haai",0
"discomfrt 16",1
"mild sa bukhar h stable h",0
"low grade feveer",0
"oxygen gir raha hai patient unconscious hai",2
"respiratory distress severe 40",2
"light brething problem",1
"saans nahi le pa rahe hain",2
"bohot tez dard saansr uktee ja rahi 45",2
"saans llena impossible ho raha hai",2
"fever 102 no cough just body pain",1
"no majr issue",0
"bukhaar 103k oi aur symptom nahi",1
"chest discomfort",1
"breathing silghtly",1
"cheest discomfrt",1
"ffvr headach",1
"mild headache",0
"slght fever stable",0
"chest discomfrt",1
"bukhaar ke saath ulti",1
"slight fatiuge 147",0
"puls vry hgh unconsiuos",2
"fever no other symptoms 3",1
"moderate fever with chills",1
"teez bukhaar aur badan dard 30",1
"hgh fever no cld",1
"chest discomfort mild",1
"chest pain breathing problem",2
"genreel weakness 112",0
"mild shortness of breath 102",1
"halki khsai hai 145",0
"saans bilkul nahi aa rahi emergency hai",2
"fever without cold 3 days 142",1
"seene emin",1
"severe pain canno tmove",2
"pateint unconscious oxxgyn llow",2
"halki khasi hai 99",0
"spo2 lo wissue",2
"oxygen low ptient unconsciious",2
"oxygen critcial level hai",2
"no complaints 76",0
"light breathing problem",1
"cant breth all 34",2
"oxyygen bahut hai",2
"thoda weakness hai",0
"emergency hai ptaient collapse ho gaya 4",2
"spo2 drpping emeregny 136",2
"3 din  se bukhara nahi ja raha",1
"mujhe bukhaar h khansii nhi h",1
"heart attack symptoms severe chest pain",2
"ligth problem",1
"slight fever stablee",0
"chst crusnhg pain 116",2
"chhati dab hai saans nahi",2
"generl wekneess",0
"no majr issue 12",0
"mild hedaache",0
"pulse bahut fast  hai behosh ahin",2
"chest pin breething pproblem",2
"slight cuogh no fever",0
"chest mein mild pain hai",1
"chest crusihng pain radiating arm 148",2
"severe breathlessness patient baat nahi kar pa raha 129",2
"thodi si fatiguee 106",0
"moedrate fever with",1
"chest discofmort ho rraha hai",1
"oxygen level critical 30",2
"geenral weakness feel ho rahi hai 100",0
"behosh ho gyae hain 72",2
"mild headache 94 140",0
"behosh ho gaya pulse high",2
"cold cough",0
"pulsee bahut fast hai behosh hain",2
"spo22 drpping emergeny 56",2
"normall cold",0
"101 on runny nose",1
"slight runny nose",0
"sir fzukam hai bukhaar nahi",0
"halka bukhar",0
"puls vry hgh uncoonsious 12",2
"halka bukhaar hai",0
"miled haedache",0
"no majr issue",0
"spo2 drpping emergeny",2
"fever 101 headaache",1
"leevel gir raha hai",2
"breathing slightly dfificult",1
"severe tightness cannot breathe 72",2
"mild fever no cold",0
"palpitattions mlid",1
"dizziness and weakness",1
"imld hedche 39",0
"light breathing problem",1
"seene mein itna dard ki ushkil",2
"sans lene mein dikkat ho rahi hai",1
"oxygen level critical",2
"chti me drd sns nhi rhi 10 124",2
"light brething problem",1
"mild shortnes of brreath",1
"bahut zyada bukhaar hai 46",1
"severe breathlessness patient baat nahi kar pa raha",2
"chst piin problm",2
"halki saans ki taklif",1
"thdoa dard h",0
"mujhe h khansi h",1
"behosh ho gay pulse hgh",2
"dizziness andd weakness 149",1
"thakaan ho rahi haai",0
"chst tightnss mild",1
"chest pain cannot move",2
"minor ache 105",0
"mminor body ache",0
"saans ki nali band ho rahi hai",2
"normall cold cough 61 19",0
"conitnuous fever since 2 days 128",1
"chest mein mild paiin hai",1
"patient erspond nahi kar raha oxyygen low",2
"fver without cold 61 39",1
"kamzori lag rahi hai 39",0
"bhookh kam lag hai",0
"spo2 se neeche gaya emergency",2
"mild on exertino",1
"kamzori lag rahi hai",0
"102 fever no cold",1
"high boyd pain",1
"thoda sa sir dard",0
"chest pain breathing problem",2
"slight fvr",0
"persistnt headache fever",1
"chest mein mild pain hai",1
"drpping emerrgeny",2
"chakkar aa raahe ahin",1
"pet mein thoda dard",0
"chest discomfrt",1
"oxygen level critical",2
"severe breathlessness patient baat nahi kar pa raha",2
"bukhaar 3 diin se hai 45",1
"chest mein bahut tez dadr saans ruk rahi",2
"general weakness hho rahi hai",0
"normal zukam 93",0
"general weakness",0
"mild fever codl",0
"behoshh ho gy pulse high",2
"mild unasea",0
"saans lene mein thodi taklif",1
"hhalki fever hai sardi nahi 36",0
"halki fever haai sadri nahi",0
"dropping rapidly",2
"ffeevr 102 body pain",1
"behosh ho pulse bahut high",2
"chest pain breathing problem",2
"fever 101 nooo runny nose",1
"mild breathlesness",1
"no major issue",0
"slight stable 34",0
"fever 102 aur body mein dard",1
"moderate fever with chhills 56",1
"fvr headach 85",1
"generla weakness feel ho rahi haii",0
"high ffever no cold",1
"thodi khansi hai",0
"fvr high cld",1
"normall ccold cough 112",0
"patient not berathhing properly",2
"chest pain itna severe hai emergency call kkaro",2
"mild sa headache ho raha hai",0
"breathing thodi difficult ho rahi hia",1
"spo2 drpping emergeny 112",2
"moderaet chest pain",1
"silght fvr",0
"fver cold",1
"critical breathin gfailure",2
"patientt collapse ho gaya",2
"halki zukam hai 139",0
"conntinuos fever",1
"persistent headache with fever",1
"fever without cold 2 din se",1
"mild chest tightnes sfeel ho rahi hai 4",1
"emergencyh ai patient collapse ho gaya",2
"high fever no cough",1
"thoda bukhaar hai khansi nahi",0
"fever 102 no cold just weakness",1
"seene mein thodi jalan 7",1
"critica lbreathing failure",2
"feverb ody pain",1
"bukhaar 103 koi aur symptom nahi",1
"halka bukhaar haii",0
"mild hedachee",0
"mild sa bukhar h staable h 43",0
"moderate chest pain",1
"seene mein itna ki hilna mushkil",2
"thoda  sa sir dard",0
"badan garm hai khansi nahi",1
"perisstent headache with",1
"mild headache",0
"mask chahiiye jaldi",2
"fever without cold2  din se 4",1
"unresponsive low oxxygen 7",2
"brething problem",1
"mild fever without cold",0
"sevr breathlesness",2
"thoda sar dard h",0
"sans lene mein thodi problem",1
"pulse very high hain",2
"low patint uunconscous",2
"emergecny unconsciouss patient",2
"chhati dab rahi hai saansn",2
"respiratory distress seveer",2
"severe chest pain hai saan sanhi aa rahi",2
"bohot tez dard saans ruktee ja rahi 69",2
"sanns lenne mein thodi problem",1
"dizziness and weakensss",1
"bukhaar hai khasni nahi",1
"seene mein halka dard 146",1
"minor body ache",0
"neend nahi rahi",0
"bukhaar nahi bas kamzori 96",0
"mild hedche",0
"no mjori  ssue",0
"bukhaar bahut zyada hai",1
"low fever stable",0
"011 headache",1
"mujhe tez bukhaar hai cold nahi hai",1
"shortness of breath",1
"normal cold",0
"saans  lene mein thodi taklif",1
"chest pain itna severe haai emergency call",2
"spo2 low bbrething isue",2
"mild hcst pain",1
"chhati dab rahi hai saans nahi",2
"no issue 69",0
"thakaan  ho rahi hai 19",0
"level critical 5",2
"mujhe bukhaar h khansi nhi h",1
"patient hosh mein nahi hai",2
"bhookh kam rahi hai 63",0
"chest crushing pain ho hai",2
"slighht cough nof ever",0
"dizziness while standing",1
"behosh ho gy pulse hhigh 11",2
"sligght fvr 26",0
"mild",0
"continuous fever since",1
"bhookh lag rahi hai 114",0
"miled headache",0
"chakkar aa rahe hain 100",1
"generl wkeness",0
"chest pain breathing problem",2
"saans lene mein thodi taklif",1
"chest pain itna severe hai emergency call karo",2
"tez dard saans ruktee ja rhai",2
"severe breathlessness patient  baat nahi kar pa raha",2
"neeend nahi aa rahi",0
"bukhaar hai khansi nahi",1
"chhati mein bahut tez daard saans nahi 90",2
"fever no cold",1
"frv 101 headach",1
"neend nahi aa rahi",0
"thoda bukhaar hai khansi nahi",0
"sevr breathlesness 100",2
"patient collapsed pulse",2
"sliggt fever",0
"pet mien thoda dard 81",0
"fever high hai body pain bhi",1
"general weakness",0
"spo2 drop ho raha hai breathing issue 120",2
"respratry distrss sevr",2
"halka s abody ache",0
"saans rukne wal ihai",2
"bukhaar hgh fever 56",1
"patient baat nahi kar pa raha oxygen low",2
"oxygen mask chahiye jaldi",2
"norml cold cough",0
"palptatons mild",1
"bukhaarr khansi nahi",1
"no amjor issue 128",0
"oxygen bahut kam hai",2
"patient respond nahi kar raha oxygen low 73 111",2
"oxygen low patiient unconsciouus",2
"oxgyn",2
"respiratory distress severe",2
"severe breathlessness patient baat nahi kar pa raha",2
"chaatii me dard saans nahi aa rahi 86",2
"thoda sa dard",0
"hakla bukhar h",0
"mild hedache",0
"spo2 80 se necehe gaya emerrgency",2
"no complaints",0
"chaati me dar dsaans  nahi aa rahi",2
"mild chest tightness feel ho rahi hai",1
"no major issue 104 135",0
"omderate fever chills",1
"haalkik hasi hai",0
"persistnt headache fever",1
"mild hedache",0
"chest discomfort ho raha hai 77",1
"fevr 103 body ach",1
"continuoous fever since 2 days 12",1
"cannot breathe at lal",2
"mild chhst pain 102",1
"llight cold",0
"saans bilkul naahi aa rahi emergency hai",2
"persistent fever 3 days",1
"low stable 52",0
"saans anhi le pa rahe hain 10",2
"bukhaaar 102 khansi",1
"emergency unconscious patient 6",2
"norml cold cough",0
"sllight runny",0
"bukhaar hai pr khansi nahi",1
"routine problem  hai",0
"sirf halka bukhaar hai cold nahi",0
"moderate chest pain",1
"mild hedaache",0
"spo2 low brething",2
"contiinuous fever since 2 days 124",1
"saans ki nali band ho rahi hai 143 149",2
"saans ki nali band ho rahi hai",2
"halka h",0
"dizziness nd",1
"minor stoomach  upset",0
"bukhar tez sardi nhi",1
"chst crushng pain",2
"behosh ho gaye",2
"unrespponsive low oxygen",2
"thodi kamzori",0
"spo2 drpping emergeny",2
"chhati mein halka dard",1
"miled headache 74",0
"oxygen low hai patient unconscious",2
"bukhaar 1011 dard",1
"badan mein bbahut dard hai ke saath",1
"kamzori lag rahi hai 78",0
"halki fever sardi nahi 69",0
"slght  fever",0
"mujhe tez bukhaar hai cold nahi hai",1
"no majr issue",0
"critical condition hai oxygen low 125",2
"bukhaar 103 koi aur symptom nahi",1
"mujhe bukhaar h khansi nhi h",1
"low grade fever",0
"halki fever hai sardi nahi",0
"genearl weakness ho rahi hai",0
"chaati me dard saans nahi aa rahi",2
"1002 body pin",1
"mild chst paiin",1
"severe breathlsesness cannot speak 66",2
"mild hedche",0
"thoda weeakness hai 31",0
"bukhaar hai pr khansi nahi",1
"persisttent with fever",1
"patient collapsed",2
"102 fever no",1
"oxygen mask chahiye jaldi",2
"crushng pain",2
"cannot breathe a tall",2
"sirf halka buhkaar hai cold nahi",0
"smallc ut minor injury",0
"fever high hai boddy pain bhi 5",1
"mild fever without cold",0
"saans nahi aa rahi hai",2
"feever 103 no other symptoms",1
"chest pain cant mov",2
"htoda bukhaar khansi nahi",0
"pulse bahut fast hai behosh hain",2
"fever without cold 2 din se",1
"shortne sof breath",1
"tez bukhaar aur badan 62",1
"pateint uncconscious oxgyn low 13",2
"bukhaar hgh fever",1
"breathing thodi difficult ho rahi hai",1
"majr issue 46",0
"sevr breathlesnesss",2
"cannot breathe at all 115",2
"behosh ho gaye hain",2
"emergency hai patient collapse ho gaya",2
"dizziness feel ho raha hai",1
"bohot tez dard saans rukteer ahi",2
"patient respond nahi kar raha low",2
"thoda fever hai stable 94",0
"feeever 102 body pain",1
"spo2 drpping emerrgeny 45",2
"fever 147",0
"criitical condition hai oxygen low",2
"llow ffever stable",0
"oxygen low patient unconscious 103",2
"high fever no cold",1
"chest crushiing pain ho hai",2
"slight cough no fever 115 44",0
"behosh pade hain saans mushkil se aa rhai",2
"genral waekness 60",0
"critical condition hai oxygen low",2
"canno tbreathe at all",2
"bukhaar ke saath ulti",1
"thodi",0
"pet mein thoda dard",0
"respratry distrss sevr",2
"chest  pin brething prbolem",2
"pulse bahut fast hai behosh hain",2
"oxygen leve lgir raha hhai",2
"halka bukahr h",0
"small cut minor injury",0
"bukhaar body ppain no cough no codl",1
"mild headache 89",0
"modeerate hcest pain",1
"spo2 below 90 emergency",2
"chest pain breathing problem",2
"oxygen levle criticall",2
"fever 101 no runny nose",1
"behosh ho gaya pulse high 69",2
"mild shortnes of breath",1
"stable",0
"mild chest pain 100",1
"chhati mien crushing dard",2
"sligt fever 118 109",0
"mild fever no cold",0
"hosh nahi aa raha pulse zyada",2
"mein halka dard",0
"sirf bukhaar hai clod bilkul nahi",1
"sirf zukam haib nahi",0
"moderate chest pain 135",1
"mild headache",0
"onrmol cold coguh",0
"halki zukam hai",0
"behosh pade ahin saans mushkil se aa",2
"nausea",0
"chati mein dard nahi aa rahi",2
"critical condition hai oxygen low 24",2
"slight fvr",0
"bukhaar hai khansi nahi",1
"mild breathlessness on exertion",1
"bukhaar high feverr",1
"thodi khansi hai",0
"light breathing problem",1
"chati mein dard sans nahi aa rahi 62 108",2
"feever with body pain no cold",1
"chest crushing painn ho rahi hai 65",2
"moderate chest",1
"saaans nahi aa rahi hai",2
"chhati mein bahut dard saans nahi",2
"chhoti chot lagi",0
"sevr chst tghtnes cant breathe 98 100",2
"perssitent fever 3 days",1
"bohot tez dard saans ruktee ja rahi 148",2
"minor body ache",0
"chest pain problem",2
"high fever with body ache",1
"normol cold cough",0
"fever no other sympptoms",1
"high temperature obdy pain",1
"mild hedche",0
"no major issue",0
"mild shortnes of",1
"saans nahi aa rahi hai 88",2
"mild heedacche",0
"tez bukhaar aur badan dard",1
"no complaints 11",0
"oyxgn low patitn unconscous",2
"chakkar aa rahe hain",1
"spo2 drpping emergeny 141",2
"chaati me dard saans nahi aa rahi 26",2
"mild headache 97",0
"mild hedachee",0
"behosh ho gaye hain",2
"hiigh fvr bina ke",1
"high hai pain bhi",1
"chaati me dard saans aa rahi",2
"bukhaar hghh fever",1
"saans rukne wali haai",2
"efver high hai body pain bhi 148",1
"dizzyness weakness",1
"patient not breathing properly",2
"dizzyness weakness",1
"hgh fever no cld",1
"fvr 10 1headach",1
"cut minor injury",0
"thakaan ho rahi hai 70",0
"minor body ache",0
"lighht cold 80",0
"hgh fever no cld",1
"dizziness nd wekness",1
"mild chest tightness feel ho rahi hai",1
"mild sa ho raha hai",0
"chest ho rahah ai",1
"spo2 drpping emergeny",2
"general weakness feel ho rahi hai",0
"chestt discomfrt",1
"behosh ho gaya pulse bahut highh",2
"high fever without cold symptoms",1
"chest breathing problem",2
"oxygen mask chahiye patientu nconscious 87",2
"heart attack symptoms severe chest pain",2
"lena impossible ho raha hai",2
"mujhe tez bukhaar hai cold nahi hai",1
"badan garm hai khansi nahi",1
"bukhaar hghf ever",1
"thoda bukhaar hai khansi nahi",0
"3 din se bukhaar nahi ja raha",1
"spo2 80 se neeche gaya emergency 145",2
"general weakness feel ho rahi",0
"midlh eadache",0
"patient respond nahi kar raha oxygen olw 77",2
"chaati me saans nahi aa rahi",2
"si fatigue",0
"midl",0
"lowf ever no cough no cold",0
"hakli hai",0
"mild headache",0
"chest discomfort mild",1
"chest mein bahut tez dard saans ruk rahi",2
"slight fvr",0
"mild shortnes of  breath",1
"thoda feverh ai stable hai 2",0
"critical condition hai oxygen low",2
"slight cold hai",0
"feevr 101 headachee",1
"oxygen mask chahiye ptaient unconscious",2
"sans lene dikkat ho rrahi hai",1
"severe chest tightness cannot breathe",2
"fvr 101 headach",1
"mild headche",0
"oxygen critical level pe",2
"bohot tezd ard saans rutkee ja rahi",2
"noc omplaints",0
"no major issue",0
"oxygen low ptient unconscious",2
"thoda khaarb hai",0
"badan garm hai khaansi nahi 76",1
"thoda bukhaar hai khansi nahi 140 116",0
"light brething problem",1
"fver without cold",1
"diizzines snd wekness",1
"bukhaar 102 khansi nahi",1
"mild headcche 33",0
"mild chest tightness feel ho rahi hai 47",1
"continuous fever since 2 days",1
"mild 127",1
"fever high hai body pain bhi",1
"normal ocld cough",0
"spo2 drrpping emeregny",2
"critical braething failure",2
"bukhaar 101 sir dard",1
"sevr chestp ain cant mov",2
"no cold",0
"normal zukma",0
"uthh nahi pa oxygen gira hua hai 46",2
"bahut zyada bukhaar hai",1
"halki saans ki taklif",1
"spo2 beolw 90",2
"chakkkar kamzori",1
"generel weakness",0
"general weakness feel ho rahi hai",0
"no majr issue 114",0
"mujhe bukhaa rh khansi nhi h 100",1
"severe breathlessness cannot speak 81 74",2
"oxygen low ptient unconscious",2
"fever high hai body pain bhi",1
"mild hedaache",0
"oxygen level gir raha hai 116",2
"fever 102 aur mein dard",1
"tezz bukhaar hai zukam nahi",1
"seeene mein itna adrd ki hilna mushkil",2
"mild sore throat",0
"oxygen gir hai patient unconscious hhai",2
"allergy",0
"bukhaar hai khansi nahi 19",1
"fever 102 body pain",1
"saans rukne wali hai",2
"light breathinng porblem",1
"high fever no cold",1
"thodi kamzoori 135",0
"mild hedachce",0
"bhook hkam lga rahi hai",0
"behosh ho gaya pulse bahut high",2
"low graed fever",0
"cant breth at alll",2
"severe chest tightness cannot breathe",2
"high fever with body ache",1
"lowp tient unconscious",2
"no majr issue",0
"seene mein ahlka dard",1
"no majr issue",0
"minor issue hai koi badi bata nahi",0
"chst crushng pain",2
"severe breathlessness cannot speak",2
"bukhaar high fever 108",1
"high fever no  cough 62",1
"oxygen gir raha hai patient unconscious hai 13",2
"chti me drd sns nh irhi",2
"fever without coold",0
"cold  cough",0
"patient collappsed pulse weak",2
"bukhaar nahi kamzori",0
"general weakness feel ho rahi hai",0
"slight fatigue",0
"mild heddache",0
"chest mein bahut tze dard  saans ruk rahi",2
"dizizness whille standing",1
"patient respond nahi kar oxygen low 137",2
"generel weakness",0
"saans nah ile pa rahe hain",2
"no complaints",0
"while standing 1",1
"chest pin brething probblem",2
"oxyygen critical level pe hai",2
"chakkar aa rahe hain",1
"continuos fever",1
"mildd nausea",0
"cant breth at all 15",2
"behosh pade hain saans mushkil se aa rahi",2
"mild nnausea",0
"mild shortnes breath 68",1
"minor stomach upset 120",0
"chhakkar a arahe hain",1
"fvr 101 hheadach 50",1
"mild pain",1
"slight fever stable",0
"seene mein itna dard ki mushkil",2
"haaert attack symptoms severe chest pain",2
"persistetn headache with fever",1
"oxygen critical pe hai",2
"neend nahi aa rahi 119",0
"continuos fveer",1
"dizzynes sweakness",1
"mild hedaache 21",0
"tez bukhaar bina sadri ke",1
"oxygen dropping",2
"mild feverr no",0
"thodaf everr hai stable hai",0
"chti me drd sns nh irhi 17",2
"hgh fever no cld",1
"pet thoda kharab  hai",0
"chst pin brething problm",2
"si chot lagi",0
"chti me drd sns nhi rhi",2
"persistent headache iwth fever 21",1
"behosh pade hain saans mushkil se aa rahi",2
"mild chst pain",1
"no major issue 44 30",0
"high feevr no cough 17",1
"high fever no cough",1
"bukhaar 101 sir dard 76",1
"dizziness nd wekness 112",1
"severe chest tightness cannont breathe",2
"serv chest pain cant mov 50",2
"fvr bina khansi",1
"slight runny nose",0
"behosh ho gaya pulse high",2
"mild nausea",0
"thoda weakness hai",0
"hcest  discomfort ho raha hai",1
"oxgyn critcal",2
"sevr chhst tghtnes cant breathe 144",2
"chst crushng pain 36",2
"behosh ho gya pulse hgh 45",2
"badan garm hai khansi nahi 52",1
"spo2 low brething isue 47",2
"chhati dab rahi hai saans nahi",2
"sir mein halka dard",0
"oxygen critical pe hai",2
"chhati meinb ahut tez dard saans nahi",2
"chest mein bahut etz dard saans ruk rahi",2
"heart attack symptoms severe hcest pain 24",2
"me drd  sns nhi rhi",2
"mild hedaache 129 25",0
"norrmall cold cough 66",0
"patient collapsed ppulse weak",2
"fver 103 body ach",1
"collapse ho gaya",2
"lgiht",0
"thodi si fatiuge",0
"high fvrb ina khansi ke",1
"mild fever no cold",0
"bukhaar hai kahnsi nahhi",1
"ho gaya pluse high",2
"thodi si fatigue",0
"bukhr hgh fever",1
"high fever no colld",1
"neend nahi aa rahi",0
"sans thodi mushkil hai",1
"thoda fever hai satble hai",0
"saans lene mein thodi takilf",1
"no majr issue",0
"hsoh nahi aa raha pulse zyada 6",2
"light cold",0
"moderate fever with chills",1
"mild headache",0
"low brething isuue",2
"low fever stable",0
"patient hosh nahi hai",2
"seene mein itna dard ki hilna mushkil",2
"mild breahtlesness 67",1
"ooxygen critical level pe ahi",2
"puls vry hghh unconsiouus",2
"dizzyness weakness 64",1
"fever without cold  2din se",1
"bukhaar hai pr khansi nahi",1
"mild fever no cold",0
"patient respond nahi kar raha oxygen  low",2
"slight cold hai",0
"halka bukhaar hai cold nahi",0
"mujhe bukhaar h kahnsi nhi h",1
"dizzyness weakness 25",1
"bukhaar nahi bas kamzori",0
"halka bukhar h",0
"general weakness",0
"cough fever",0
"chhoti si chot lagi",0
"patient hosh mein nahi hai",2
"sliight fvr",0
"general weaakness feel ho rahi hai",0
"bukhaar hai khansi nahi",1
"chest crushing pain ho rahi haii 26",2
"general weakness feel ho rahi hai 38",0
"ppalpitation smild",1
"01 headache",1
"chest pain breathing problem",2
"chest mein mild pain hai",1
"dizzinesss feel ho raha hai",1
"without cold 3 days",1
"tez bukhaar badan dard",1
"fver without cold",1
"slight cold hai",0
"sans lene mein dikkat hor ahi hai",1
"oxygen level critical",2
"headaceh",0
"uthh nahi pa raha oxygen gira hua hai 73",2
"routine  ccheckup",0
"oxygen mas kchahiye jaldi",2
"small cut minor injury",0
"sevr chst tightness",2
"oxygen low hai paitent unconscious 62",2
"light brething",1
"bukhaar 103 koi aur symptom nahi",1
"breathing problm mild 1",1
"thoda sir dard 56",0
"no major issue",0
"tez bukhaar aur badan dar d30",1
"dizzyness weakness",1
"bukhr hgh fever",1
"10 2fever no cold",1
"chakkar aur 83",1
"cchets tightness mild",1
"unresponsive low oxygen 127 98",2
"dizzziness annd weakness",1
"kamzori lag rahi hai",0
"oxygen maskc hahiy ejaldi",2
"bukhr high fever 316",1
"sirf bukhaar hai cold bilkul nahi",1
"halka bukhaar hai",0
"thhakaan ho rahi hai",0
"chst crushng",2
"tez bukhhaar bina sardi ke",1
"chahti dab rahi hai sanas nahi",2
"low fever stalbe",0
"chest pain itnna severe hai emergency call karo",2
"cheest discomffort mild",1
"patient baat nahi kar pa raha oxygen low",2
"fever without cold 2 din se",1
"critical breathing",2
"low grade fevver 134",0
"saans nahi le pa rahe hani",2
"neend nahi aa rahi",0
"halkab h",0
"minor issue hai koi badi baat nahi",0
"mild shortness of breath 5",1
"chest mein mild hai 2",1
"hai",0
"tez bukhaar hai zukam nahii",1
"ggenrl",0
"severe chest pain  cannot move",2
"genrl wekness",0
"chest crushing pain radiating arm",2
"bukhaar hgh fever",1
"oxygen gir raha hai ptaient unconscious hai",2
"minor stomach upset 184",0
"halka bukhaar",0
"kamzori lagr ahi hai 109",0
"emergency hai patient collapse ho gaya",2
"saans bilkul nahi aa rahi emergency hai",2
"generla weaknses feel ho rahi hai",0
"low fever stable",0
"fvr high no cld",1
"bukhr  higgh fever",1
"chati mein dard sans nahi aa rahi",2
"no mmjor issue",0
"behosh ho gaya pulse high",2
"light breathing problem",1
"miild shortness off breath",1
"fver withoout cold",1
"halki khasi hai",0
"saans nahi aa rahi hai",2
"patient collapsed",2
"halkis aans ki tkalif",1
"thoda sar dard h",0
"bukhaar ke saath ulti 43",1
"behosh ho gaya pulse bahut high",2
"patient not breathing",2
"hheart attack symptoms severe chest pain",2
"puls vry hgh unconsious",2
"chakkar aur kamzori 72",1
"mild chest pain 25",1
"genrl wekness",0
"fever but cold nahi 3 days se 5",1
"bkuhr high fever",1
"halki saans ki taklif",1
"bukhaar body pain no cough no cold",1
"fever 102 no cough just body pain",1
"chst pin brething problm 123",2
"chst crushgnp ain",2
"no majr issue",0
"high fvr bina khansi ke",1
"mild fever no ocld",0
"continuous fever since 2 days",1
"bukhaar hai khaansi nahi 47",1
"seene discomfort",1
"mmild hedahce",0
"emergenyc hai patient collapse ho gaya",2
"badan garm hai khansi nahi",1
"halki fever hai nahi",0
"oxygen level critical",2
"chest pain breathing porblem",2
"hgh fever no cld 10 97",1
"khansi nahi",1
"slight stable",0
"sans lene mei ndikkat ho rahi hai 114",1
"minor issue hai koi badi baat nahi",0
"mild sore throat",0
"bukhr high fever 12",1
"chest pain itna severe hai emergency karo",2
"palptatons mild",1
"tez bukhaar aur badan dard 73",1
"criticall breathing failure",2
"mask chahiye jaldi",2
"minor allergy",0
"dizzinnes sand weakness",1
"chest mild 143",1
"spo2 below mergency",2
"bukhaar nahi bas kamzoori",0
"mild sore throat",0
"severe breathlessness cnanot speak",2
"small cut minor injury",0
"slgiht runny nose",0
"fever high hai body pain bhi",1
"saans ki nali band ho rahi hai",2
"oxygen low ptient 115",2
"fvr 101 headach",1
"n omajor issue",0
"teez bukhaar bina sardik e",1
"kamzori",0
"light brething problem",1
"cannot berathe at all",2
"normal zukam 38",0
"mild shortness of breath 100",1
"patient baat nahi kar paa rah aoxygen low",2
"sans lene mein thodi problem",1
"fvr higgh cld",1
"chakkar aa rahe hian",1
"badan mein bahut dard hai bukhaar ke saath 104",1
"saans bilkul nahi aa rahi emergency hai",2
"respratry distrss sevr",2
"minor issue hai koi badi nahi 38",0
"thoda sar dard h 30",0
"mild pain",1
"spo2 drpping emergeny 133",2
"slight nose",0
"light coold 91",0
"patient not breathing properly",2
"no major isuse 144",0
"kamzori lag rahi hai",0
"sans lene mein dikkat ho rahi hai",1
"bukhaar bbahut zyada",1
"mild fever without ocld 4",0
"patient collapse ho gaya",2
"chhoti si chot lagi",0
"mild headache",0
"bukhaar high fever",1
"patient collapsed 36 14",2
"mild feveer no cold",0
"seene mein itna dard ki hilna mushkil",2
"genrl wekness",0
"sligth cough on fever",0
"sans lene mein dikkat ho rahi hai",1
"dizziness feel ho raha hai",1
"high fvr bina khanis ke",1
"bohot tez dard saans ruktee ja rahi 138",2
"hedaaache",0
"halka bukhar h 24",0
"slgiht fatigue",0
"saans lena ho rahaa hai",2
"sir mein halka dard 141",0
"mild hedaache",0
"bohot tez dards aans ruktee ja rahi",2
"behosh pade hain pulse nahi aa raha",2
"high fvrr bina khansi ke",1
"mild headche",0
"generrl wekneess",0
"bukhr high fever",1
"milld headche",0
"minor issue hai koi badi baat nahi 120",0
"fever 102 no coold just weakness",1
"oxygen level gir raha hai",2
"mild sa headache ho raha haii 90",0
"fever 102 no cough just body pain",1
"seene mein idscomfort",1
"oxygen low patinet unconscious 57",2
"unnresponsive low oxygen 101",2
"ehadche",0
"halka sa boody ache 125",0
"no commplaints",0
"dizziness while standing 32",1
"mild shortnes of breath",1
"badan mein bahut dard hai bukhaar ke saath",1
"critical breathhing",2
"fvr 101 headach 114",1
"chest tightness mild",1
"palpitatiosn mlid",1
"spo2 brething issue 19",2
"miled headache",0
"seene mein iitna dard ki hilna mushkil 97",2
"haalki zukam hai 53",0
"generl",0
"norml cold cough",0
"high fever no cough",1
"minor allergy 94 19",0
"behosh ho gaaye hain",2
"mild fever no cold",0
"fvr 102 body pin",1
"high bodyy pain",1
"behosh hho gya pulse hgh",2
"behosh hainn saans mushkil se aa rahi",2
"sirf halka bukhaar hai cold nahi",0
"weakness hai 25",0
"normol cold cough 113 109",0
"no complaints",0
"mild breathlessness on exertion",1
"saans nahi aa rhai hai",2
"mild chst pain 70",1
"milld",1
"severe breathlessness cannot speak",2
"behosh ho gya pulse hgh",2
"oxygen  bahut kam hai 139",2
"thoda weakness ahi 51",0
"tez bukhaar hai zukam nahi 38",1
"halka bukhaar hai",0
"oxygen critical level pe hai",2
"slightt stable",0
"fever 101 headache",1
"minor allergy",0
"fever hai but cold nahi 3 days es",1
"chest mein bahut tez dard saans rukr ahi",2
"oxygen critical level pe hai",2
"badan garm hai khansi nahi",1
"mild shortness of breath",1
"bahut zyada bukhaar hai",1
"halki feverh ai sardi nahhi",0
"thoda bukhaar hai khansi nahi 149",0
"patient collapse ho gaya",2
"oxyng critcl",2
"fvvr",0
"sevr chest pain cant mov",2
"chti me drd sns nhi rhi",2
"patient respond nahi kar raha oxyggen low 115",2
"chhati dab rahi hai saans nahi",2
"sans lene mein thodi problem",1
"kamzori lag rahii hai",0
"minor",0
"fever 102 no cough just body pain",1
"severe breathlessness ptaient baat nahi kar pa raha",2
"oxygen mask jaldi 68",2
"zukam 104",0
"sirf zukam hai bukhaar nahi",0
"chest discomfort mild 118",1
"fever without coldd 3 days 67",1
"oxgyn critcal 74",2
"chst crushng pain",2
"spo2 lowb reathing issue",2
"high temperature body pain",1
"patient not breathing properly",2
"thoid si fatigue 107",0
"chest mein bahut tez dadr saans ruk rahi 40",2
"continuos fever",1
"thoda bukhaar hai khansi nahi",0
"bukhaar 3 din se hai",1
"mlid shortness of breath",1
"no majr issue 143",0
"no mjor issue",0
"patient respond nahii kar raha oxygen",2
"hai",0
"cchakkarr aur kamzori",1
"oxygen bahut kam hai",2
"saans rukne wali hai",2
"mild fever no codl",0
"general weakness",0
"chhati bahut tez dard saans nahi",2
"normal cold coough 117",0
"mild sa bukhar h sttable h 99",0
"routine problem hai",0
"oxygen gir raah hai unconscious hai",2
"dizziness feel ho raha hai 68 49",1
"critcaal",2
"breathing thodi difficult ho rahi hai",1
"saans lene mein thodi talkif 110",1
"chest crushing pain ho rahi hai 1",2
"efver without cold 3 adys",1
"badan mein bahut dard hai bukhaar ke saath",1
"mlid chst",1
"no majr issue",0
"bukhaar hgh fever",1
"severec hest tightness breathe emergency",2
"tez bukhaar aur badan dadr",1
"critcal",2
"condition hai low",2
"general weakness feel ho rahi hhai",0
"normal",0
"sans lene mein dikkat ho rahi hai",1
"palpitations mild 27",1
"bukhaar bahut zyada hai",1
"low breathing issue",2
"sevr breathlesness",2
"mild shortnes of breath",1
"low fever no cough no cold",0
"slght fever stable",0
"chakkarr aa rahe hain 104",1
"bukhaar 103 koi aur symptom nahi",1
"dizziness feel ho raha hai",1
"chst pain",2
"bohot dard saans ruktee ja rhai",2
"chhoti si chot lagi 130",0
"continuos fever",1
"oxygen olw ptient unconscious",2
"normall cold cough",0
"halka bukhaarr hai cold nahi",0
"sevr chest pain cant mov 53",2
"behsoh ho gaye hain",2
"bohot tez dard saans ruktee jar ahi",2
"3 din se ubkhaar ja raha",1
"generl wekness",0
"bukhr ghgh fever",1
"saans lena impossible ho raha hai",2
"low fveer stablle",0
"behosh ho gaya pulse high",2
"chst crushng pain 59 83",2
"sirf halka bukhaar hai cold nahi",0
"mild hedche7 2",0
"chestt ightness mild 29",1
"chest pin brething problem",2
"fvr 101 hedaach",1
"oxygen low ahi patien tunconscious",2
"chakkar aa rahe hain",1
"halka sa aache",0
"continuous fever since 2 days",1
"fever ovmiting",1
"patient hosh mein nahi hai 142",2
"egnrl wekness 109",0
"thodi hkansi hai",0
"102 khansi nahi",1
"thoda fever hai stable hai 11",0
"neend nahi aa rahi 124",0
"oxygen critical level pe hai",2
"fever 101 headache",1
"general",0
"chest pin brethiing problem",2
"severe chesst pain hai saans nahi aa rahi",2
"fever",1
"badan garm hai khansi nahi",1
"general weakness feel ho rahi hai",0
"fever without cold 2 din se",1
"mild fever no cold",0
"patient respond nahi karr aha oxygen low",2
"patient respond nahi kar raha oxygen low 114",2
"behosh pade hain pulse nahi rhaa",2
"chati sans nahi aa rahi",2
"slight fever stable",0
"no majr issue",0
"chest pain itna severe hai emergency call karo",2
"sirf bukhaar hai cold nahi",1
"mild chst pain 12",1
"no ssue",0
"spo2 drppinng emergeny",2
"seene mein itna ki hilna mushkil",2
"bukhr hgh fever",1
"thoda fever hai stabble hai",0
"oxygn low patint unconscous",2
"saans rukne wali ahi",2
"oxyggen dropping",2
"slight cough no fever",0
"seene mein thodi jalan",1
"bukhaar 3 din se hai 130",1
"unreesponsive olw oxygen",2
"chakkar aa rahe hain 105",1
"lwo grade fever",0
"badan agrm hai khansi nahi",1
"oxygen low ptient unconscious",2
"sveere pain cannot move",2
"behosh hain pulse nahi aa raha",2
"behosh pade hai npulse nahi aa raha",2
"oxygn levelc ritcl",2
"slght fevvre stable",0
"fever",1
"mild nausea",0
"cold coughh",0
"mild sa bukhar h stable h",0
"breathing problm mild",1
"thodi khansi hai 146 131",0
"pulse very high unconscious",2
"severe chest tightness  caannot breathe",2
"chest pain itna hai emergency call karo 15",2
"high fvr bina khansi",1
"oxygen bahut kam hai",2
"palptatons mild",1
"norml cold cough",0
"persistnt headache fever",1
"chest pain itna severe hai emergency call karo 127 6",2
"fever without cold 2 din se 62 146",1
"thodi kamzroii",0
"spo2 80 se neeche gaya emergenyc 68",2
"chati mein dard sans nahi aa rahi",2
"pulse very aur behsoh hain",2
"presistnt headache fever",1
"mild chest",1
"chest discomfrt",1
"hosh nahi aa raha pulse zyada",2
"patient collapsed pulse weak",2
"spo2 low brething issue",2
"bukhaar sardi nahi",1
"dizziness and weakness ho rahi hai 41",1
"heart attack symptoms severe chest pain",2
"patient collapsed weak",2
"chati mein dard sans aa rahi 49",2
"slght fever stable",0
"slight fever stable",0
"saans lene mein thodi taklif",1
"general weakness 32",0
"patient respond nahi kar raha oxygen low",2
"oxygen low hai patient unconscious",2
"norml cold cough 76",0
"fever hai but cold nahi 3 days se",1
"mild sa bukhar h stable h",0
"genral weakness 73",0
"spo2 drop ho raha hai breathing issue 44 17",2
"kamzroi lag rahi hai",0
"chaati me dard saans nahi aa rahi",2
"saans ki nali band ho rahi hai",2
"slight fever stable 112 55",0
"oxgyen bahut kam hai",2
"breathiing problm mild",1
"perssitent fever 3 days",1
"halki saans ki takkilf",1
"severe breathlessness cannot speak",2
"miled headache",0
"palpitations mild",1
"normall cold cough",0
"mild chst pain",1
"cold",0
"80 se neeche gaya emergency",2
"htodi kamzori",0
"pet dard",0
"behosh oh gaye hain",2
"saans nahi aa rahi hai 128",2
"chhati mein halka dard",1
"bukhaar ke ulit",1
"minor issue haai koi badi baat nahi",0
"mild",0
"chest pain breahting problem",2
"uthh naih pa raha oxygen igra hua hai",2
"saans ki nali band ho rahi haai 97",2
"normal cold cough",0
"mask jaldi",2
"halki zukam hai 70",0
"behsoh ho gaey hain",2
"oxygen low ptient unconscious 27",2
"tez bukhaar aur badan dard",1
"mild sa headaech ho raha hai",0
"oxygen mask chahiye jaldi",2
"seene itna dard ki hilna mushkil 60",2
"light cold",0
"mil dhedche",0
"genrl wekness",0
"breathing tohdi difficcult ho rahi hai",1
"seene mein iitna dard ki hilna mushkil",2
"thdoi si fatigue",0
"mild shortnes of breath",1
"pulse very high aur beehosh hain",2
"halka sa bodya che 90",0
"mme drd sns nhi rhi",2
"behosh ho gaya pulse bahut high",2
"drpping emergeny",2
"halkaa bukhaar hai",0
"sevr chest pain cant mov",2
"nomrl cold",0
"mild fever without cold",0
"severe chest pain hai saans nahi rahi 6",2
"no",0
"no complaints",0
"mild headache",0
"saa body ache",0
"emergency hai patient collapse ho gaya 147 17",2
"patient pulse weak 94",2
"halka s abody ache",0
"cant breth at all",2
"zukam 65",0
"saans nahi le pa rahe hain",2
"chti drd sns nhi rhi",2
"sans llene mein thodi probleem",1
"mild  hedache",0
"chst",2
"patient collapsed pulse weak",2
"low feevr no cough no cold",0
"patinet respond nahi kar raha oxygen low 149",2
"sevr breathlesness 134",2
"behosh pade hain saans se aa",2
"oxygen low patient  unconscious",2
"fever 101 no runny nnose 145",1
"sevree chest  pain cannot move",2
"low grade fever",0
"generl wekness 102",0
"sans lene mein dikkat ho rahi",1
"slight fatigue 3",0
"critical breathing afilure",2
"general weakness feel ho rahi hai 101",0
"pulse very high aur behosh hain 63",2
"high fevern o cough",1
"bilkul naahi aa rahi emergency hai",2
"paatient baat nahi kar pa oxygen low",2
"sans thodi mushkil hai",1
"puls vry hgh unccoonsious",2
"chhati mein crushing dard",2
"chest discomfort mild",1
"dizziness and weakness ho rahi hai",1
"light cold",0
"bukhaar kamzori",0
"saans meiin thodi taklif",1
"light",0
"bohot tez adrd saans ruktee ja rahi",2
"mild sa bukhar h stbale hh",0
"low fever stable",0
"fever 101 headaceh",1
"thoda kharab hai 71",0
"kamzori lag rahi",0
"bahut zyad abukhaar hai",1
"saans ki nali band ho rahi hai 70",2
"102 khansi naahi",1
"spo2 low breathing issue 75 107",2
"puls vryh gh unnconsious",2
"ppateint unconscious oxgyn low 6",2
"chhati mein halka dard",1
"palptatons mild",1
"mild fever without cold",0
"chest discomfrt 58 15",1
"sirf zukam hai bukhaarn ahi",0
"genrall weakness",0
"genrl wekness",0
"norrmol cold cough",0
"fever with body pain no cold",1
"chest idscomfort mild",1
"patient collapse ho gaya",2
"uthh nahi pa raha oxygen gira hua hai",2
"pateint unconscious oxxgyn low",2
"chhati mein crushing dard 126 37",2
"cant breeth all",2
"halki ffever sardi nahi",0
"seene mein thodi jalan",1
"fever with body pain no cold",1
"chest discomfort ho raha hai",1
"general weakness feel ho rahi hai 63",0
"clolapsed",2
"sevr breathlesness 11",2
"thodi si fatiuge",0
"bukhar tez h sardi nhi",1
"saans nahi le pa rahe",2
"oxygen mas kchahiye",2
"patient",2
"bbadan garm hai khansi nahi 40",1
"sans thodi mushkil hai",1
"chakkar aur kamzori",1
"chest discomfort ho raha hai",1
"sirf halka bukhaar hai cold nahi",0
"halki khasi hai 98",0
"oxyygn low patint unconscous",2
"oxgyn critcal",2
"bukhr high fever",1
"dizziness and weakness ho rahi hai",1
"spo2 drpping meergeny",2
"haalka hai",0
"fever 101 no runny nose 127",1
"dizzyyness weaknesss",1
"sop2 below 90 emergency",2
"fvr high no cld 36 95",1
"patient collapsed 93",2
"ligth",0
"oxygn low patint unconscoous",2
"fever 102 body",1
"mild hedache",0
"routtien problem hai",0
"mild pain",1
"moderate fever wiith",1
"severe chest tightness cannot breathe",2
"breathing problm mild 146 70",1
"mild hedache 146",0
"high fvr bina kahnsi ke",1
"chest mein bahut tez dard saans ruk rahi 117",2
"egneral weakness ho rahi hai",0
"saans ki nali band ho rahi haai",2
"normall cold cough",0
"sevr chest pain cant mov",2
"pet mein thoda dard",0
"emergency hai patient collapse ho",2
"bukhaar hgh fever 27",1
"thodi khansi hai",0
"bukhaar hai pr khansi nahi",1
"halka sa body ache",0
"badan mein bahut dard hai bukhaar ke saath",1
"mild sa headache ho raha hai 141",0
"badan garm hai khansi nahi",1
"general 149",0
"behosh ho gaya pulse bahut high",2
"chhati dab rahi hai saans nahi",2
"minor issue haai koi badi baat nnahi",0
"oxygen low ptient unconsscious",2
"uthh nahi pa raha oxygen gira hua hai 39",2
"dizziness feel ho raha hai 142",1
"chest mein bahut tez dard saans ruk rahi",2
"dizziness while 98",1
"behosh ho gyaa pulse bahut high",2
"patient not breathing propperlyy",2
"spo2 breathing issue",2
"routine problem hai",0
"chst  pin brething problm 124",2
"oxygen low patient unconscious",2
"thodi kamzoir 139",0
"persistnt heaadache",1
"persistnt headache fever 66",1
"oxygen kam hai 25",2
"fever high hai body pain bhi",1
"halka sa body ache",0
"nd wekkness",1
"sans thodi mushkli hai 149",1
"cold",0
"chest",1
"severe breathlessness patient baat nahi kar pa raha 123",2
"thoda sa dard 107",0
"thodi khansi hhai 114",0
"thodi khansi hai",0
"low grade feever",0
"badan mein bahut dard hai bukhaar ke saath",1
"generel weakness",0
"mild shortnes of breath 139",1
"no maojr problem hai 122",0
"chest pin brething problem",2
"routine prroblem hai",0
"hgh fever no cld",1
"oxygen level gir raha hai",2
"sir mein halka dard",0
"feever 102 aur boddy mein dard",1
"slight runny nose",0
"bukhaar high fever",1
"mild sa headache ho raha hai",0
"ocntinuous fever sicne 2 days",1
"saans nahi aa rahi hai 121",2
"critcal",2
"hoshn ahi aaa raha pulse zyada",2
"unresponsive low oxygen",2
"generel weakness",0
"minor allergy 27 142",0
"chest mein bahut tez dard saans ruk rahi",2
"fever without cold 2 din se",1
"sirf zukam hai bukhaar nahi",0
"dizziness feel ho raha hai",1
"normol cold cough",0
"genral weakness",0
"halka bukhaar hai",0
"fever 103 noo other symptoms 57",1
"sans lene meein dikkat ho rahi hai 104",1
"thoda bukhaar hai nahi",0
"hgh fever",1
"behosh h ogaye hain 3",2
"slight cold hai",0
"mild chest tightness feel ho rahi hai",1
"thoda fever hai stable hai",0
"ppet mein thoda dard",0
"chest pain",1
"fvr 101 headach",1
"fever high ahi body pain bhi 77",1
"egnral weakness 138",0
"behossh hho gaye hain",2
"slight fevr stable",0
"fevr1 03 body ach 52",1
"spo2 low breathiing iissue",2
"chhoti si chot lagi",0
"chhati mein bahut tez dard saans 3",2
"low fever stable",0
"fever 101 no runny nose",1
"thoda fever hai stable hai",0
"fevr body ahc",1
"spo2 drpping emergeny",2
"bukhaar nahi bas kamzori 6",0
"high fever with body ache",1
"oxygen mask jaldi 1",2
"mild sa ho raha hai 47",0
"patient collapsed pulse weak 41 10",2
"saans ki nali band ho rahi hai 80",2
"badan garm hai nahi 70",1
"patient baat nahi kar pa raha oxygen low",2
"hgh fever 27",1
"uthh nahi pa raha oxygen gira hua hai 58",2
"cant breth at all",2
"bukhaar ke saath ulti",1
"oxygen chahiye patient",2
"haalka bukhaar hai cold nahi",0
"noo mjor issue 35",0
"bukhaar 10 2khansi nahi",1
"low grade fever",0
"pet thoda kharab hai",0
"mild sore throat",0
"low fever stable",0
"bukhaar high fever",1
"high fvr bina khansi ke",1
"oxygen level gir rraha hai",2
"seene mein itnna dard ki hilna mushkil",2
"generla weakness",0
"stable",0
"behosh ho gaya pulse",2
"heart attack symptoms severe chest pain",2
"patient rrespond nahi kar raha oxygen low",2
"neend nahi aa rahi",0
"slight cough no fever",0
"saans bilukl nahi aa rahi emergency hai 14",2
"perssistnt headache feverr",1
"petm ein thoda dard 35",0
"bukhaar 102 khansi nahi",1
"xoygen criitcal level pe hai",2
"high fevern  o cough",1
"sligght cough no fveer",0
"emergency haai patient collapse gaya",2
"tez bukhhaar aur badan dard",1
"hhg fever no lcd",1
"thodi kamzorri",0
"badan mein bahut dard hai bukhaar ke saath",1
"saans nahi le pa rahe hain",2
"feve r101 headache 38",1
"oxygn low patint unconscouus 39",2
"chest meinb ahut tez dard saans rku rahi",2
"chakkar aur kamzori 114",1
"bukhhaar nahi bas kamzori 33",0
"heart attaack symptomss evere chest pain",2
"oxygen levle gir raha hai 57",2
"low  grade fever 71",0
"behosh ho gya pulse hgh1 40",2
"bbukhaar hai khansi nahi",1
"without cold 30",1
"minor stomach upset",0
"cant breth at all",2
"seene mein halka dard",1
"pet mein thoda dard",0
"norrmalll cold cough",0
"sans thodi hai",1
"ho gy pulse high",2
"tez bukhaar aur badan dard 3 10",1
"halki saans ki taklif",1
"saans bilkul nahi aa rahi emegrency hai 68",2
"bukhr hgh fever 62",1
"behosh ho gya hgh 142",2
"chakkar kamzori",1
"sirf bukhaar hai cold bilkul nahi 135 34",1
"behoshh o gaye hain",2
"pet mein thoda dard 135",0
"noraml cold cough",0
"halka sa body ache",0
"slight cough no fever",0
"fvr 101 headachh",1
"generla weaknesss",0
"puls vry hgh unconsoius",2
"miled headache",0
"chest crushing painn ho rahi hai 9",2
"behoshh ho gaya pulse high",2
"hgh fever no cld",1
"emergency patient",2
"saans rukne wali hai",2
"respratry distrss sevr 80 86",2
"sligt fever",0
"dizziness feel ho raha hai",1
"mild shorrtnes of breath 6",1
"sligh tfatigue 42",0
"emergency unnconscious patient 55",2
"thoda sar dard h",0
"bukhaar highf ever 99",1
"high fever no codl",1
"tze bukhaar aur badan dard 84",1
"normol cold cough",0
"pet meni thoda darrd",0
"runn ynose",0
"slight cold hai  75",0
"routine problem hai",0
"chhati mein crushing dard",2
"spo2 low bbrething isue",2
"breathing slightly dfifficult",1
"bukhar tez h sardi nhi",1
"dizziness feel ho raha hai",1
"miilld nausea",0
"slight fatigue",0
"bukhr high",1
"normal cold cough",0
"vomiting",1
"chest pin brtehing problem",2
"feve rwith vomiting",1
"abdan mein bahut darrd hai bukhaar ke saath",1
"chaati me dard saans nahi",2
"halki fever hai sarid nahi 97",0
"critical hai oxygen low",2
"saans nahi  le pa rahe hain",2
"gneeral weakness feel ho rahi hai",0
"perisstent headache with fever",1
"oxygne elvel gir raha hai",2
"behosh ho gya pulse hgh",2
"sa sir dard",0
"hgh fever no cld",1
"sligth cold",0
"seene mein discomfort",1
"bukhr high fever 127",1
"fever without cold 3 days",1
"hghf ever no cld",1
"normol cold cough",0
"spo2 low brething 3",2
"high temperature body pain",1
"bukhar tez h ssardi nhi",1
"halki zukam ahi 26",0
"low fever stable",0
"fvr 101 headach",1
"generel weakness 77",0
"no mjor issue 46 2",0
"oxygen low hai paatient",2
"chest discomfort ho raha hai",1
"low grade fever",0
"slight ferv stable",0
"severe breathlessness cannot speak",2
"behosh ho gaya pulse bahut high",2
"cold cough 29",0
"light cold",0
"sevr chest pain acnt mov",2
"fever 102 aur body mein dard",1
"oxygen mask chahiye patient unconscious",2
"pet thoda kharab hai",0
"low fever no cough no cold 78",0
"moderate chest pain",1
"sans lene mein dikkkat ho rahi hai",1
"rouutine checkup 124",0
"halki zukam hai",0
"slight fevr stable",0
"oxygen low hai patient unconsciouss",2
"behosh ho gaya pulse bahut high",2
"uthh nahi pa raah oxygen girah ua hai",2
"tez bukhaar sardi nahi",1
"patient not breathing properly 22",2
"mild chest tightness feel ho rahi hai 99",1
"while standing",1
"behosh ho gy pulse high",2
"fevver 120 body pain",1
"headache",0
"weakness",0
"hosh nahi aa raaha pulse zyada",2
"unconscious not responding 119",2
"patient baat nahi kar pa raha oxygen low",2
"sir mein halka dard",0
"chest mein pain hai",1
"behossh ho gaye hain 93",2
"emergency hai patient collapse ho gaya 9",2
"sligth fever stable",0
"badan mein bahut dard hai bukhaar ke saath",1
"spo2 low brething isue",2
"pulse bahut fast hai behosh",2
"modrte chest pain",1
"slght stable",0
"behosh ho gaya pulse bahut high",2
"halka",0
"mujhe bukhaar h khansi nhi h 21 23",1
"genrl wekness 138",0
"no issue",0
"tahkaan ho rahi",0
"fever 102 no cold just weakness",1
"breathing difficult",1
"hlaka bukhaar hai",0
"chti me drd sns nhi rhi",2
"continuos fever",1
"chest tiightness mild 68",1
"oxygen chahiye patient unconnscious",2
"slight 130",0
"chest crushing pain ho raahi hai",2
"minor allergy 40",0
"halka bukhaaar hai",0
"chhati mein crushing dard 63",2
"spo2 low brething issue 112",2
"heart attack symptoms severe chest pain",2
"slight fever statble",0
"patient baat nahi kar pa raha oxygen low 64",2
"sevr chst  tightness",2
"spo2 ho raha hai breathing issue",2
"chest crushing pain radiating arm",2
"mildd hedache",0
"spo2 drop ho raha hai breathing issue 17",2
"chst pin brething problm",2
"persistent headache withh fever",1
"mmild shortnesso f breath",1
"fever 103 on others ymptoms",1
"chest pin brehting problem",2
"thoda bukhaar hai khansi nahi",0
"high temperature body pain 55",1
"heart aattack symptoms chest pain",2
"behosh ho gy pulsse high",2
"patient collapse ho gaya",2
"mild hedaache",0
"headache",0
"chest pain itna severe hai emergency call karo 64",2
"thakaan rahi hai 34",0
"fever 101 no runny nose",1
"sevr ches tcant mov",2
"pet mein thoda dard 137",0
"weakness",0
"chhati mein crushing adrd",2
"oxygen low  ptient unconscious 99",2
"mild headche",0
"bukhaar nahi abs",0
"shortness of breath",1
"thodi kamzori",0
"pain breathing problem",2
"genral weaknesss",0
"fever 103 no other symptoms",1
"chest tightness mild",1
"normol cold cough",0
"slight cough nno fever",0
"spo2 below 90 emergency",2
"tez bukhaar bina ke",1
"patient collapse ho gaya",2
"hgh feevr no cld",1
"no ocmplaints",0
"chest pain problem",2
"respratry distrss esvr 6",2
"problm mild",1
"chaati me d ard saans nahi aa rahi",2
"seene mein thodi jalan",1
"bukhar tez h sardi nhi",1
"genra lweakness 68",0
"severe chest tightness cannot breathe emergency 72",2
"oxygen bahut kam hai",2
"minor allergy",0
"fatigue 26",0
"spo2 90 emegrency",2
"small cut minor iinjury",0
"seene mein itna dard ki hilna mushkkil",2
"dizziness while stannding",1
"oxygen low hai patient unconsccious",2
"neeend nahi aa rahi",0
"no majr issue",0
"chest discomfrt",1
"sirf halka bukhaar cold nahi",0
"chest crushing pain ho rahi hai",2
"oxygen critiacl pe hai",2
"severe cchest tightness breathe",2
"normal cold cough",0
"fever 101 no runny nose",1
"kamzori lag rahi 43",0
"bukhr fever",1
"routnie probleem hai",0
"severe breathlessnessp atient baat nahi kar pa raha",2
"modrte chesst pain 47",1
"breathing failure",2
"unresponsivee loww oxygen",2
"slight",0
"pateint unconscious oxgyn low",2
"chest pin brething probleem 128",2
"chest pin brething problem",2
"102 fever no cold",1
"light",0
"mild shortnes of breath",1
"normlal cold cough",0
"mild headache 103",0
"mujhe bukhaar khansi nhi h 47",1
"mildd hedaache 97",0
"respratry sevr",2
"criticaal conddition hai oxygen low",2
"headche 128",0
"chest pain itna severe hai emergency call karo",2
"chest discomfort ho raha hai",1
"low fever no cough no cold",0
"sirf bukhaar hai cold bilkul nahi 1",1
"bbukhaar hai",0
"bukhaar hai pr khansi nahi",1
"sans thodi mushkil hai",1
"mminoor allergy",0
"bukhaar 102 khansi nahi",1
"behosh ho gya pulse hgh",2
"chest discomforrt mild",1
"pet thoda kharab hai 23 32",0
"light brething problem",1
"continuos",1
"critical breathing failure",2
"saans impossiible ho raha hai",2
"ghh fever no cldd",1
"fever no cold",0
"chestt crushing radiating arm",2
"bhookh kam lag rhai hai",0
"puls vry hgh uunconisous",2
"persistent fever 3 days",1
"high fever with body ache",1
"spo2 drpping emergeny",2
"patienn trespond nahi kar raha oxygen low",2
"general 36",0
"mild sore throat 147",0
"oxygn low patint unconscous 61",2
"bukhar tez h sardi 60",1
"routnie checkup",0
"tez bukhaar bina sardi ke",1
"mild sa bukhar h stable h",0
"saans bilkul nahi aa rahi emergency hhai",2
"emergency hai collaps eho gaya",2
"chst tightnss mild",1
"sir mein halka dard 72",0
"genrl wekness",0
"oxygen low ptient unconscious",2
"severe chest pain hai saans nahi aa rahi",2
"mild nausea",0
"spo2 low breathing issuue",2
"routine problem",0
"high fever no cough",1
"sans leene mein thodi prolbem",1
"oxgyn critcla",2
"sligthr unny nose",0
"behosh ho gya pulse hgh 127 102",2
"chst pain",2
"dizziness nd wekness",1
"spo2 drppinng emergeny",2
"fever 102 on  cold just weakness",1
"halak bukhar h",0
"bukhaar 3 din se hai",1
"modderate fever with chills 92",1
"persistnt headache fever",1
"slight vfr 148",0
"thoda fever hai stable hai",0
"mujhe tez bukhara hai colld nahi hai",1
"no  majr issue 104",0
"high fever without cold symptoms",1
"spo2 llow brething issue",2
"mild shortness of bbreath 83",1
"runny nose 50",0
"tez bukhaar hai zukam nahi",1
"palptatons mild",1
"oxygn patintt unconscous",2
"fever with vomiting 55",1
"bukhaar hai khansi nahi",1
"normal zuakm",0
"bohhot tez dard saans ruktee ja rahi",2
"behosh pade hain saans mushkil se aa rahi",2
"sevr brreathlesenss",2
"patient hosh mein nahi hai",2
"chest discomfort ho raha hai",1
"normol cold",0
"breathing thodi difficult ho rahi hai 107",1
"chest mein bahut dard asans ruk rahi",2
"sir mein dard 133",0
"chhoti si chot lagi",0
"chest pain",1
"bukhaar khhansi nahi",1
"spo2 low brething issue",2
"slight ffevr stalbe",0
"halka bukhar h",0
"moderate fever with hcills",1
"fever body pain no cold 69",1
"halki khasi hai",0
"normall cold cough",0
"sirf buhkaar hai cold bilkul naahi",1
"dizziness while",1
"neend nahi  aaa rahi",0
"si chot",0
"pulse bahut fast hai behosh hain",2
"ahlki khasi hai 131",0
"oxygen level critical",2
"cnat breth at all",2
"fever 101 no runny nose",1
"halka bukhara hai",0
"cannot breathe at all",2
"chakkar kamzori",1
"fever high hai body pain bhi",1
"chakkar aur kamzori",1
"nausea 44",0
"rbeathing thodi difficult ho rahi haii",1
"mild sa headaccche ho raha hai",0
"generel weaknses",0
"dizznies sand weakness ho rahi hai",1
"pulse very high unconscioous",2
"saans ki nali band ho rahi hai",2
"fever with vomitnig",1
"conntinuos fever",1
"fvr high no cld",1
"oxygn low patint",2
"fvr 102 pin",1
"routine chekcup",0
"heart attack symptoms severe chest pain",2
"mild sore throat5 6",0
"routine problemm hai",0
"mild chest tightness feel ho rahi hai",1
"fever",0
"minor allergy",0
"chst pin brething porblm 146",2
"weakness 70",0
"mildd nausea",0
"patient collapsed",2
"no major issue",0
"spo2 low brething issue 26",2
"dizziness while standing 112",1
"thoda as sir dard 20",0
"sa headache ho raha hhai",0
"slight fevr stable",0
"mild headche 42 125",0
"critical breathing failure",2
"berathlesness",2
"badan mein bahut dard hai bukhaar ke saath",1
"patient not breathing properly",2
"seene mein itna dard k ihilna mushkil",2
"seene mein jalan",1
"patient baat nahi kar pa raha oxygen low",2
"thoda bukhaar hai khansi nahi",0
"normal cold",0
"norml coldd",0
"bukhr high",1
"saans bilkul aa rahi emergency hai",2
"hai",0
"pateint unconscious oxgyyn low",2
"bukhaar aur badan dard",1
"pulse very high aur behosh hain",2
"halki zukam hai",0
"chhoti si chot lagi",0
"saans nahi aa rahi  hai",2
"breathnig thodi difficult ho rahi hai",1
"oxgynn critcal",2
"pet thoda kharab hai",0
"halki khas",0
"light codl",0
"chest pain breathing problem",2
"mild chest tightness feel ho rahi hai 112",1
"halka sa body ache",0
"chhati mein halka dard 78 111",1
"sevr chest pain cant",2
"spo2 80 se neeche gaya emergency",2
"chst tightnss mild",1
"bukhaar 3 din se hai",1
"patient collapsed weak",2
"bukhaar body pain no cough no cold",1
"routin eproblem hai 101",0
"kamzori laag rahi hai 16",0
"mild headche 57",0
"no major problem hai 92",0
"mujhe tez bukhaar hai codl nahi hai",1
"persistent headache with fever 137",1
"mild shortnes  of breath 120",1
"puls vry unconsious 67",2
"bhookh kam lag rahi hai",0
"sirf zukam hai bukhaar nahi",0
"fver without cold",1
"bukhaar 101 sirr dard",1
"persistent headache with fever 112",1
"fever 102 no cold just weakness",1
"chst tightnss mild",1
"miled ehadache",0
"chhaati mein bahut tez dard nahi",2
"severe breathlessness cannot speak 122",2
"dizziness while standing",1
"seevr breathlensess",2
"sifr zukam haai bukhaar nahi",0
"mild hedaache",0
"heart atatck symptoms severe chest paiin",2
"fevr 103 bodyy ahc",1
"sans lene mein thodi problem",1
"bukhaar hai khansi nahi",1
"crushng pain 127",2
"pet mein thodadd ard",0
"slight fevr stable",0
"oxygen low ptient unconscious",2
"pet thoda kharab hai 92 54",0
"emergency hai patient collapse ho gaya",2
"mild hedache",0
"haalka buhkar h",0
"rbeathing prbolm mild",1
"no mjor issue",0
"fever 102 no cough just body pain",1
"halka bukhaaar hai",0
"bhookh kam lag rahi hai",0
"slitg fever 20",0
"seene mein itna dard ki hinla mushkil",2
"mild hedche 58",0
"high fever n ocold 125",1
"emergency hai patient collapse ho gaya",2
"ffever wiith vomiting",1
"low fever 130",0
"dizziness nd wekness",1
"mild fever cold",0
"bukhar tez h sardi nhi",1
"mild 90",1
"bukharr tez h  sardi nhi",1
"behosh pade hain pulse nahi aa raha 148",2
"thdoi  kamzori",0
"mild chst pain",1
"behosh pade hain saansm ushkil se aa rahi 94",2
"light cold",0
"hakli saaans ki taklif",1
"mild hedaache",0
"thodi kamzori",0
"high with body ache",1
"uthh nhai pa raha oxygen hua hai",2
"chest pain radiating arm",2
"badan mein bahut dard hai bukhaar ke saath",1
"chti me drd sns nhi rhi 27 92",2
"chaati me dard saaans nahi aa",2
"chti me drd sns nhhi rhi",2
"minor issue hai koi badi baat nahi",0
"patient collapse ho gaya",2
"chaati me dard saans nahi aa rahi",2
"chst pin brething problm",2
"routine probblem hai",0
"mild nausea 80",0
"spo2 low breathing issue",2
"chest discomfrt",1
"ho gy pulse high",2
"patient collapsed pulse weak",2
"behosh gy pulse high",2
"bukhr",1
"emergenncy unconscious patient 39",2
"pulse very high aur behosh hain",2
"pso2 low brething sisue",2
"oxygen mask jaldi 99",2
"persistent fever 3",1
"halki kkhasi hai",0
"low patint unconscous",2
"bukhaar  ke saath ulti",1
"spo2 low brething issue",2
"bukhaar 3 din se hai 3",1
"bukhaar body pain no cough no cold 137",1
"headache 54",0
"oxygen mask chahiye patient unconscious",2
"respiratory distress severe",2
"behos hho gy pulse high 137",2
"weakness",0
"pet thoda kharab hai",0
"hgh",1
"saans lene mein thodi taklif",1
"genearl weakness feel ho rahi hai 143",0
"hgh fever",1
"slight fever stable",0
"fever witth vomiting 86",1
"mmild sa headahce ho raha hai",0
"fever 102 boyd pain",1
"saans lena impossible ho raha hai 49",2
"chest mein bahut tez dard saansr uk rahi",2
"mild sa bukhar h stable h",0
"thoda weakness hai",0
